arm,epoch,physics_regularization
gan_cnt,0,9.153079e-01
gan_cnt,99,6.835619e-01
gan_cnt,199,6.668487e-01
gan_cnt,299,5.432845e-01
gan_cnt,399,3.232407e-01
gan_cnt,499,2.689416e-01
gan_cnt,599,2.999304e-01
gan_cnt,699,3.170173e-01
gan_cnt,799,2.905306e-01
gan_cnt,899,3.429106e-01
gan_cnt,999,2.484950e-01
gan_cnt,1099,3.004205e-01
gan_cnt,1199,3.035706e-01
gan_cnt,1299,2.169598e-01
gan_cnt,1399,2.895098e-01
gan_cnt,1499,2.571822e-01
gan_cnt,1599,2.419896e-01
gan_cnt,1699,2.091105e-01
gan_cnt,1799,1.889037e-01
gan_cnt,1899,1.721262e-01
gan_cnt,1999,2.459680e-01
gan_cnt,2099,3.365169e-01
gan_cnt,2199,3.054685e-01
gan_cnt,2299,3.273118e-01
gan_cnt,2399,2.158056e-01
gan_cnt,2499,2.107396e-01
gan_cnt,2599,3.093269e-01
gan_cnt,2699,1.736848e-01
gan_cnt,2799,1.992539e-01
gan_cnt,2899,2.067386e-01
gan_cnt,2999,2.564541e-01
gan_cnt,3099,1.910698e-01
gan_cnt,3199,2.076792e-01
gan_cnt,3299,1.923384e-01
gan_cnt,3399,2.730351e-01
gan_cnt,3499,2.001770e-01
gan_cnt,3599,2.027383e-01
gan_cnt,3699,2.953345e-01
gan_cnt,3799,2.474950e-01
gan_cnt,3899,1.969912e-01
gan_cnt,3999,2.055899e-01
gan_cnt,4099,1.887661e-01
gan_cnt,4199,1.903059e-01
gan_cnt,4299,2.820367e-01
gan_cnt,4399,2.581668e-01
gan_cnt,4499,2.359058e-01
gan_cnt,4599,2.846313e-01
gan_cnt,4699,2.929314e-01
gan_cnt,4799,2.377087e-01
gan_cnt,4899,3.080127e-01
gan_cnt,4999,2.251364e-01
gan_cnt,5099,2.358915e-01
gan_cnt,5199,3.160425e-01
gan_cnt,5299,2.039176e-01
gan_cnt,5399,2.844483e-01
gan_cnt,5499,2.275990e-01
gan_cnt,5599,2.864342e-01
gan_cnt,5699,1.796988e-01
gan_cnt,5799,3.405791e-01
gan_cnt,5899,2.106968e-01
gan_cnt,5999,4.115382e-01
gan_cnt,6099,1.784459e-01
gan_cnt,6199,3.420763e-01
gan_cnt,6299,2.551953e-01
gan_cnt,6399,3.206277e-01
gan_cnt,6499,1.558105e-01
gan_cnt,6599,2.132809e-01
gan_cnt,6699,2.626818e-01
gan_cnt,6799,1.766997e-01
gan_cnt,6899,2.291929e-01
gan_cnt,6999,2.906671e-01
gan_cnt,7099,1.733896e-01
gan_cnt,7199,1.971580e-01
gan_cnt,7299,3.393320e-01
gan_cnt,7399,3.515562e-01
gan_cnt,7499,1.781504e-01
gan_cnt,7599,3.362308e-01
gan_cnt,7699,3.050835e-01
gan_cnt,7799,2.596857e-01
gan_cnt,7899,2.050817e-01
gan_cnt,7999,3.116224e-01
gan_cnt,8099,1.774047e-01
gan_cnt,8199,1.684328e-01
gan_cnt,8299,2.678905e-01
gan_cnt,8399,3.036702e-01
gan_cnt,8499,2.107050e-01
gan_cnt,8599,2.865024e-01
gan_cnt,8699,2.456301e-01
gan_cnt,8799,2.656770e-01
gan_cnt,8899,2.688798e-01
gan_cnt,8999,1.805392e-01
gan_cnt,9099,1.394256e-01
gan_cnt,9199,3.075894e-01
gan_cnt,9299,1.769116e-01
gan_cnt,9399,3.133916e-01
gan_cnt,9499,1.845104e-01
gan_cnt,9599,1.939549e-01
gan_cnt,9699,1.669045e-01
gan_cnt,9799,2.897632e-01
gan_cnt,9899,3.084204e-01
gan_cnt,9999,3.537436e-01
gan_cnt,10099,2.189426e-01
gan_cnt,10199,2.807206e-01
gan_cnt,10299,2.688008e-01
gan_cnt,10399,2.904422e-01
gan_cnt,10499,1.875576e-01
gan_cnt,10599,3.120728e-01
gan_cnt,10699,2.007543e-01
gan_cnt,10799,2.299944e-01
gan_cnt,10899,1.985065e-01
gan_cnt,10999,2.753297e-01
gan_cnt,11099,2.293352e-01
gan_cnt,11199,2.017115e-01
gan_cnt,11299,2.823567e-01
gan_cnt,11399,3.151637e-01
gan_cnt,11499,3.215432e-01
gan_cnt,11599,2.199958e-01
gan_cnt,11699,1.853550e-01
gan_cnt,11799,2.642475e-01
gan_cnt,11899,1.599778e-01
gan_cnt,11999,2.214217e-01
gan_cnt,12099,2.462931e-01
gan_cnt,12199,2.577704e-01
gan_cnt,12299,2.679382e-01
gan_cnt,12399,2.752648e-01
gan_cnt,12499,2.989048e-01
gan_cnt,12599,2.043521e-01
gan_cnt,12699,3.853654e-01
gan_cnt,12799,2.943202e-01
gan_cnt,12899,3.283481e-01
gan_cnt,12999,2.212232e-01
gan_cnt,13099,3.094706e-01
gan_cnt,13199,3.207572e-01
gan_cnt,13299,1.719097e-01
gan_cnt,13399,2.638746e-01
gan_cnt,13499,1.773819e-01
gan_cnt,13599,2.560124e-01
gan_cnt,13699,2.110487e-01
gan_cnt,13799,3.511111e-01
gan_cnt,13899,3.288112e-01
gan_cnt,13999,2.004554e-01
gan_cnt,14099,3.969441e-01
gan_cnt,14199,3.558444e-01
gan_cnt,14299,1.792917e-01
gan_cnt,14399,3.119272e-01
gan_cnt,14499,2.239246e-01
gan_cnt,14599,1.781112e-01
gan_cnt,14699,3.242741e-01
gan_cnt,14799,3.820552e-01
gan_cnt,14899,4.038795e-01
gan_cnt,14999,1.883264e-01
gan_cnt,15099,2.752796e-01
gan_cnt,15199,3.425171e-01
gan_cnt,15299,2.564155e-01
gan_cnt,15399,3.909314e-01
gan_cnt,15499,2.434639e-01
gan_cnt,15599,2.173287e-01
gan_cnt,15699,2.436648e-01
gan_cnt,15799,2.419907e-01
gan_cnt,15899,2.754519e-01
gan_cnt,15999,2.045400e-01
gan_cnt,16099,2.357671e-01
gan_cnt,16199,2.233457e-01
gan_cnt,16299,2.889416e-01
gan_cnt,16399,3.136038e-01
gan_cnt,16499,2.993250e-01
gan_cnt,16599,2.793453e-01
gan_cnt,16699,2.154376e-01
gan_cnt,16799,2.384195e-01
gan_cnt,16899,3.053307e-01
gan_cnt,16999,2.803378e-01
gan_cnt,17099,3.927531e-01
gan_cnt,17199,2.851704e-01
gan_cnt,17299,2.167758e-01
gan_cnt,17399,2.637499e-01
gan_cnt,17499,3.639172e-01
gan_cnt,17599,3.475467e-01
gan_cnt,17699,2.215503e-01
gan_cnt,17799,2.271571e-01
gan_cnt,17899,2.211006e-01
gan_cnt,17999,2.169761e-01
gan_cnt,18099,2.331259e-01
gan_cnt,18199,2.450183e-01
gan_cnt,18299,2.147614e-01
gan_cnt,18399,2.639505e-01
gan_cnt,18499,2.447584e-01
gan_cnt,18599,4.598818e-01
gan_cnt,18699,4.631301e-01
gan_cnt,18799,4.235340e-01
gan_cnt,18899,2.468377e-01
gan_cnt,18999,2.801850e-01
gan_cnt,19099,2.712300e-01
gan_cnt,19199,2.925199e-01
gan_cnt,19299,3.727683e-01
gan_cnt,19399,2.262643e-01
gan_cnt,19499,1.826863e-01
gan_cnt,19599,2.532403e-01
gan_cnt,19699,3.158040e-01
gan_cnt,19799,3.484100e-01
gan_cnt,19899,3.147535e-01
gan_cnt,19999,2.429065e-01
gan_cnt,20099,2.593465e-01
gan_cnt,20199,3.011314e-01
gan_cnt,20299,3.191011e-01
gan_cnt,20399,2.235219e-01
gan_cnt,20499,4.131001e-01
gan_cnt,20599,3.773860e-01
gan_cnt,20699,3.072541e-01
gan_cnt,20799,3.948784e-01
gan_cnt,20899,4.083346e-01
gan_cnt,20999,2.975884e-01
gan_cnt,21099,4.084469e-01
gan_cnt,21199,3.833076e-01
gan_cnt,21299,3.894470e-01
gan_cnt,21399,3.819837e-01
gan_cnt,21499,3.777107e-01
gan_cnt,21599,1.757567e-01
gan_cnt,21699,2.740202e-01
gan_cnt,21799,2.462560e-01
gan_cnt,21899,2.918840e-01
gan_cnt,21999,3.213072e-01
gan_cnt,22099,4.128469e-01
gan_cnt,22199,3.429419e-01
gan_cnt,22299,4.343732e-01
gan_cnt,22399,4.075954e-01
gan_cnt,22499,3.239968e-01
gan_cnt,22599,3.465066e-01
gan_cnt,22699,3.691292e-01
gan_cnt,22799,3.517123e-01
gan_cnt,22899,2.878088e-01
gan_cnt,22999,3.495696e-01
gan_cnt,23099,3.681226e-01
gan_cnt,23199,2.303039e-01
gan_cnt,23299,3.003318e-01
gan_cnt,23399,2.086611e-01
gan_cnt,23499,3.462812e-01
gan_cnt,23599,3.690717e-01
gan_cnt,23699,4.098143e-01
gan_cnt,23799,3.747426e-01
gan_cnt,23899,3.758609e-01
gan_cnt,23999,2.887359e-01
gan_cnt,24099,3.975589e-01
gan_cnt,24199,2.686705e-01
gan_cnt,24299,4.146165e-01
gan_cnt,24399,4.042198e-01
gan_cnt,24499,3.448763e-01
gan_cnt,24599,3.344314e-01
gan_cnt,24699,2.241968e-01
gan_cnt,24799,1.982577e-01
gan_cnt,24899,2.786345e-01
gan_cnt,24999,1.964150e-01
gan_cnt,25099,2.992490e-01
gan_cnt,25199,2.399492e-01
gan_cnt,25299,2.498576e-01
gan_cnt,25399,4.145743e-01
gan_cnt,25499,4.227055e-01
gan_cnt,25599,3.034964e-01
gan_cnt,25699,3.639342e-01
gan_cnt,25799,4.293604e-01
gan_cnt,25899,3.562548e-01
gan_cnt,25999,4.277004e-01
gan_cnt,26099,4.109795e-01
gan_cnt,26199,3.646570e-01
gan_cnt,26299,4.091108e-01
gan_cnt,26399,4.397927e-01
gan_cnt,26499,2.843946e-01
gan_cnt,26599,2.956426e-01
gan_cnt,26699,1.951137e-01
gan_cnt,26799,3.294152e-01
gan_cnt,26899,2.383818e-01
gan_cnt,26999,3.403902e-01
gan_cnt,27099,2.759739e-01
gan_cnt,27199,2.999390e-01
gan_cnt,27299,2.953105e-01
gan_cnt,27399,2.281523e-01
gan_cnt,27499,2.960305e-01
gan_cnt,27599,3.517445e-01
gan_cnt,27699,2.094880e-01
gan_cnt,27799,1.737187e-01
gan_cnt,27899,2.751248e-01
gan_cnt,27999,3.132009e-01
gan_cnt,28099,1.992346e-01
gan_cnt,28199,3.054376e-01
gan_cnt,28299,3.482069e-01
gan_cnt,28399,2.430108e-01
gan_cnt,28499,3.445263e-01
gan_cnt,28599,3.081279e-01
gan_cnt,28699,3.716686e-01
gan_cnt,28799,3.771786e-01
gan_cnt,28899,2.347246e-01
gan_cnt,28999,2.389318e-01
gan_cnt,29099,2.854778e-01
gan_cnt,29199,1.871097e-01
gan_cnt,29299,2.962672e-01
gan_cnt,29399,2.113975e-01
gan_cnt,29499,3.474122e-01
gan_cnt,29599,4.121345e-01
gan_cnt,29699,3.416979e-01
gan_cnt,29799,3.053564e-01
gan_cnt,29899,1.795675e-01
gan_cnt,29999,3.787517e-01
gan_cnt,30099,3.361685e-01
gan_cnt,30199,3.096387e-01
gan_cnt,30299,2.899890e-01
gan_cnt,30399,3.303640e-01
gan_cnt,30499,2.973150e-01
gan_cnt,30599,3.658222e-01
gan_cnt,30699,3.781362e-01
gan_cnt,30799,2.388802e-01
gan_cnt,30899,3.225251e-01
gan_cnt,30999,2.938367e-01
gan_cnt,31099,3.619925e-01
gan_cnt,31199,1.781223e-01
gan_cnt,31299,2.772152e-01
gan_cnt,31399,2.546431e-01
gan_cnt,31499,2.423307e-01
gan_cnt,31599,2.997157e-01
gan_cnt,31699,2.730497e-01
gan_cnt,31799,2.323098e-01
gan_cnt,31899,2.973878e-01
gan_cnt,31999,2.282879e-01
gan_cnt,32099,3.742625e-01
gan_cnt,32199,3.571538e-01
gan_cnt,32299,2.996046e-01
gan_cnt,32399,2.736197e-01
gan_cnt,32499,2.342496e-01
gan_cnt,32599,3.211141e-01
gan_cnt,32699,2.257489e-01
gan_cnt,32799,2.065874e-01
gan_cnt,32899,3.907630e-01
gan_cnt,32999,2.544157e-01
gan_cnt,33099,2.555813e-01
gan_cnt,33199,4.110980e-01
gan_cnt,33299,2.897298e-01
gan_cnt,33399,3.728388e-01
gan_cnt,33499,4.171308e-01
gan_cnt,33599,3.913736e-01
gan_cnt,33699,3.361073e-01
gan_cnt,33799,2.721169e-01
gan_cnt,33899,3.175420e-01
gan_cnt,33999,3.016513e-01
gan_cnt,34099,3.225839e-01
gan_cnt,34199,3.480968e-01
gan_cnt,34299,3.985434e-01
gan_cnt,34399,2.856967e-01
gan_cnt,34499,2.594007e-01
gan_cnt,34599,3.499762e-01
gan_cnt,34699,3.613418e-01
gan_cnt,34799,3.631614e-01
gan_cnt,34899,2.561947e-01
gan_cnt,34999,2.854005e-01
gan_cnt,35099,2.764166e-01
gan_cnt,35199,3.834813e-01
gan_cnt,35299,3.822024e-01
gan_cnt,35399,2.334917e-01
gan_cnt,35499,3.623495e-01
gan_cnt,35599,2.189003e-01
gan_cnt,35699,2.826636e-01
gan_cnt,35799,2.937771e-01
gan_cnt,35899,2.677679e-01
gan_cnt,35999,3.676603e-01
gan_cnt,36099,4.665090e-01
gan_cnt,36199,3.050337e-01
gan_cnt,36299,3.679677e-01
gan_cnt,36399,2.272924e-01
gan_cnt,36499,2.139182e-01
gan_cnt,36599,2.654600e-01
gan_cnt,36699,2.159366e-01
gan_cnt,36799,2.906211e-01
gan_cnt,36899,3.332058e-01
gan_cnt,36999,2.240482e-01
gan_cnt,37099,3.130739e-01
gan_cnt,37199,3.656840e-01
gan_cnt,37299,3.416538e-01
gan_cnt,37399,2.230532e-01
gan_cnt,37499,3.973132e-01
gan_cnt,37599,2.565409e-01
gan_cnt,37699,3.137393e-01
gan_cnt,37799,3.095912e-01
gan_cnt,37899,2.549247e-01
gan_cnt,37999,2.458384e-01
gan_cnt,38099,4.056742e-01
gan_cnt,38199,2.039878e-01
gan_cnt,38299,2.659946e-01
gan_cnt,38399,2.878347e-01
gan_cnt,38499,3.041070e-01
gan_cnt,38599,4.260941e-01
gan_cnt,38699,2.744250e-01
gan_cnt,38799,2.158219e-01
gan_cnt,38899,3.678032e-01
gan_cnt,38999,2.975192e-01
gan_cnt,39099,3.731607e-01
gan_cnt,39199,3.633929e-01
gan_cnt,39299,2.168317e-01
gan_cnt,39399,3.905408e-01
gan_cnt,39499,3.635703e-01
gan_cnt,39599,3.224466e-01
gan_cnt,39699,2.426063e-01
gan_cnt,39799,3.847937e-01
gan_cnt,39899,3.403354e-01
gan_cnt,39999,3.900735e-01
gan_sec,0,6.279300e-01
gan_sec,99,2.210803e-01
gan_sec,199,1.163363e-01
gan_sec,299,1.218751e-01
gan_sec,399,1.001240e-01
gan_sec,499,6.423239e-02
gan_sec,599,6.587686e-02
gan_sec,699,6.936826e-02
gan_sec,799,1.110511e-01
gan_sec,899,1.702636e-01
gan_sec,999,8.833476e-02
gan_sec,1099,8.673234e-02
gan_sec,1199,1.306270e-01
gan_sec,1299,9.623823e-02
gan_sec,1399,1.054303e-01
gan_sec,1499,8.896918e-02
gan_sec,1599,1.118876e-01
gan_sec,1699,7.164037e-02
gan_sec,1799,6.358688e-02
gan_sec,1899,1.188126e-01
gan_sec,1999,1.788281e-01
gan_sec,2099,1.014621e-01
gan_sec,2199,1.135740e-01
gan_sec,2299,1.283102e-01
gan_sec,2399,9.607974e-02
gan_sec,2499,1.107128e-01
gan_sec,2599,9.183973e-02
gan_sec,2699,9.125544e-02
gan_sec,2799,1.309086e-01
gan_sec,2899,4.584552e-02
gan_sec,2999,6.777801e-02
gan_sec,3099,1.246752e-01
gan_sec,3199,4.040047e-02
gan_sec,3299,6.537133e-02
gan_sec,3399,5.452879e-02
gan_sec,3499,4.734186e-02
gan_sec,3599,5.414966e-02
gan_sec,3699,6.889281e-02
gan_sec,3799,8.976952e-02
gan_sec,3899,7.637452e-02
gan_sec,3999,1.043606e-01
gan_sec,4099,6.445062e-02
gan_sec,4199,7.284945e-02
gan_sec,4299,1.657015e-01
gan_sec,4399,1.525876e-01
gan_sec,4499,7.849496e-02
gan_sec,4599,8.797529e-02
gan_sec,4699,1.471030e-01
gan_sec,4799,8.064942e-02
gan_sec,4899,7.629777e-02
gan_sec,4999,7.568672e-02
gan_sec,5099,9.749987e-02
gan_sec,5199,5.903176e-02
gan_sec,5299,1.483905e-01
gan_sec,5399,8.130431e-02
gan_sec,5499,1.064445e-01
gan_sec,5599,1.073635e-01
gan_sec,5699,5.433229e-02
gan_sec,5799,1.043845e-01
gan_sec,5899,9.161170e-02
gan_sec,5999,9.055790e-02
gan_sec,6099,8.514016e-02
gan_sec,6199,9.605958e-02
gan_sec,6299,9.500270e-02
gan_sec,6399,1.007460e-01
gan_sec,6499,6.930945e-02
gan_sec,6599,7.337844e-02
gan_sec,6699,1.334819e-01
gan_sec,6799,4.239235e-02
gan_sec,6899,8.780286e-02
gan_sec,6999,7.654358e-02
gan_sec,7099,1.781791e-01
gan_sec,7199,8.010451e-02
gan_sec,7299,7.231880e-02
gan_sec,7399,5.863332e-02
gan_sec,7499,8.667780e-02
gan_sec,7599,7.396016e-02
gan_sec,7699,1.127023e-01
gan_sec,7799,1.225661e-01
gan_sec,7899,6.242396e-02
gan_sec,7999,1.129236e-01
gan_sec,8099,6.388836e-02
gan_sec,8199,7.412918e-02
gan_sec,8299,6.663065e-02
gan_sec,8399,1.131581e-01
gan_sec,8499,5.898850e-02
gan_sec,8599,7.525482e-02
gan_sec,8699,1.035202e-01
gan_sec,8799,7.111675e-02
gan_sec,8899,7.802479e-02
gan_sec,8999,8.555245e-02
gan_sec,9099,1.073898e-01
gan_sec,9199,4.121146e-02
gan_sec,9299,1.403988e-01
gan_sec,9399,1.195801e-01
gan_sec,9499,1.083752e-01
gan_sec,9599,1.116004e-01
gan_sec,9699,1.058151e-01
gan_sec,9799,9.455825e-02
gan_sec,9899,1.180995e-01
gan_sec,9999,1.263688e-01
gan_sec,10099,8.060267e-02
gan_sec,10199,9.024253e-02
gan_sec,10299,1.364414e-01
gan_sec,10399,1.202138e-01
gan_sec,10499,1.010104e-01
gan_sec,10599,1.134691e-01
gan_sec,10699,1.091888e-01
gan_sec,10799,1.524977e-01
gan_sec,10899,1.284323e-01
gan_sec,10999,8.424725e-02
gan_sec,11099,1.034742e-01
gan_sec,11199,1.092037e-01
gan_sec,11299,1.233511e-01
gan_sec,11399,1.020146e-01
gan_sec,11499,1.308409e-01
gan_sec,11599,1.038845e-01
gan_sec,11699,6.092804e-02
gan_sec,11799,9.502517e-02
gan_sec,11899,8.200148e-02
gan_sec,11999,9.721520e-02
gan_sec,12099,1.548322e-01
gan_sec,12199,9.955499e-02
gan_sec,12299,1.402777e-01
gan_sec,12399,9.725134e-02
gan_sec,12499,6.650724e-02
gan_sec,12599,8.373741e-02
gan_sec,12699,9.805030e-02
gan_sec,12799,1.652092e-01
gan_sec,12899,6.368741e-02
gan_sec,12999,1.130055e-01
gan_sec,13099,1.391603e-01
gan_sec,13199,1.424805e-01
gan_sec,13299,9.244429e-02
gan_sec,13399,6.270298e-02
gan_sec,13499,9.354847e-02
gan_sec,13599,1.169997e-01
gan_sec,13699,6.792609e-02
gan_sec,13799,9.821386e-02
gan_sec,13899,7.675219e-02
gan_sec,13999,6.110502e-02
gan_sec,14099,1.181358e-01
gan_sec,14199,7.810784e-02
gan_sec,14299,4.409625e-02
gan_sec,14399,1.707576e-01
gan_sec,14499,1.428125e-01
gan_sec,14599,1.411603e-01
gan_sec,14699,9.558523e-02
gan_sec,14799,5.083395e-02
gan_sec,14899,6.743812e-02
gan_sec,14999,1.496763e-01
gan_sec,15099,5.845034e-02
gan_sec,15199,7.374894e-02
gan_sec,15299,8.971170e-02
gan_sec,15399,5.985302e-02
gan_sec,15499,7.439837e-02
gan_sec,15599,7.080916e-02
gan_sec,15699,1.001744e-01
gan_sec,15799,1.512077e-01
gan_sec,15899,7.861290e-02
gan_sec,15999,1.281390e-01
gan_sec,16099,7.084460e-02
gan_sec,16199,8.721143e-02
gan_sec,16299,1.555594e-01
gan_sec,16399,1.066506e-01
gan_sec,16499,1.248755e-01
gan_sec,16599,1.280395e-01
gan_sec,16699,1.734567e-01
gan_sec,16799,6.141962e-02
gan_sec,16899,8.418913e-02
gan_sec,16999,1.440787e-01
gan_sec,17099,8.657781e-02
gan_sec,17199,1.041818e-01
gan_sec,17299,8.150440e-02
gan_sec,17399,1.042671e-01
gan_sec,17499,6.709495e-02
gan_sec,17599,9.321338e-02
gan_sec,17699,1.107576e-01
gan_sec,17799,7.698850e-02
gan_sec,17899,1.103859e-01
gan_sec,17999,1.235324e-01
gan_sec,18099,8.890766e-02
gan_sec,18199,9.546851e-02
gan_sec,18299,8.074487e-02
gan_sec,18399,1.143205e-01
gan_sec,18499,1.279289e-01
gan_sec,18599,1.391259e-01
gan_sec,18699,1.097537e-01
gan_sec,18799,1.010514e-01
gan_sec,18899,6.162500e-02
gan_sec,18999,9.464007e-02
gan_sec,19099,6.068882e-02
gan_sec,19199,1.121456e-01
gan_sec,19299,6.083845e-02
gan_sec,19399,8.612429e-02
gan_sec,19499,5.715543e-02
gan_sec,19599,5.699380e-02
gan_sec,19699,9.910899e-02
gan_sec,19799,1.625206e-01
gan_sec,19899,1.743597e-01
gan_sec,19999,1.501783e-01
gan_sec,20099,1.587839e-01
gan_sec,20199,2.269349e-01
gan_sec,20299,1.501096e-01
gan_sec,20399,2.119350e-01
gan_sec,20499,1.931696e-01
gan_sec,20599,1.411799e-01
gan_sec,20699,1.124633e-01
gan_sec,20799,1.535915e-01
gan_sec,20899,1.180502e-01
gan_sec,20999,1.147952e-01
gan_sec,21099,9.123240e-02
gan_sec,21199,9.628776e-02
gan_sec,21299,8.495393e-02
gan_sec,21399,1.039447e-01
gan_sec,21499,1.222099e-01
gan_sec,21599,1.002897e-01
gan_sec,21699,8.067369e-02
gan_sec,21799,7.467591e-02
gan_sec,21899,1.573956e-01
gan_sec,21999,8.214206e-02
gan_sec,22099,1.050170e-01
gan_sec,22199,1.247434e-01
gan_sec,22299,9.412748e-02
gan_sec,22399,9.512560e-02
gan_sec,22499,1.065071e-01
gan_sec,22599,1.091104e-01
gan_sec,22699,1.006959e-01
gan_sec,22799,1.393775e-01
gan_sec,22899,9.913421e-02
gan_sec,22999,9.503742e-02
gan_sec,23099,1.190196e-01
gan_sec,23199,1.125888e-01
gan_sec,23299,8.491353e-02
gan_sec,23399,9.177766e-02
gan_sec,23499,9.742150e-02
gan_sec,23599,7.863595e-02
gan_sec,23699,8.994341e-02
gan_sec,23799,1.105625e-01
gan_sec,23899,1.049708e-01
gan_sec,23999,1.078981e-01
gan_sec,24099,9.795723e-02
gan_sec,24199,1.270849e-01
gan_sec,24299,9.196012e-02
gan_sec,24399,1.719048e-01
gan_sec,24499,8.845295e-02
gan_sec,24599,9.252238e-02
gan_sec,24699,7.004364e-02
gan_sec,24799,9.522609e-02
gan_sec,24899,1.661067e-01
gan_sec,24999,8.685171e-02
gan_sec,25099,6.170670e-02
gan_sec,25199,7.631107e-02
gan_sec,25299,7.943657e-02
gan_sec,25399,6.872194e-02
gan_sec,25499,1.415909e-01
gan_sec,25599,7.484618e-02
gan_sec,25699,9.950438e-02
gan_sec,25799,9.075566e-02
gan_sec,25899,7.879261e-02
gan_sec,25999,1.658550e-01
gan_sec,26099,1.242741e-01
gan_sec,26199,1.056144e-01
gan_sec,26299,9.798770e-02
gan_sec,26399,8.336209e-02
gan_sec,26499,8.786751e-02
gan_sec,26599,9.027558e-02
gan_sec,26699,9.190965e-02
gan_sec,26799,1.070877e-01
gan_sec,26899,8.799905e-02
gan_sec,26999,1.265703e-01
gan_sec,27099,7.864346e-02
gan_sec,27199,1.313025e-01
gan_sec,27299,1.111226e-01
gan_sec,27399,9.909645e-02
gan_sec,27499,7.692988e-02
gan_sec,27599,1.432594e-01
gan_sec,27699,1.134676e-01
gan_sec,27799,1.085307e-01
gan_sec,27899,1.473484e-01
gan_sec,27999,1.436362e-01
gan_sec,28099,1.605589e-01
gan_sec,28199,1.637160e-01
gan_sec,28299,1.474579e-01
gan_sec,28399,1.126615e-01
gan_sec,28499,8.916180e-02
gan_sec,28599,1.141278e-01
gan_sec,28699,1.483697e-01
gan_sec,28799,1.670806e-01
gan_sec,28899,1.678313e-01
gan_sec,28999,1.275381e-01
gan_sec,29099,1.220869e-01
gan_sec,29199,1.208556e-01
gan_sec,29299,8.352178e-02
gan_sec,29399,7.819785e-02
gan_sec,29499,8.764719e-02
gan_sec,29599,7.001233e-02
gan_sec,29699,1.317751e-01
gan_sec,29799,8.644772e-02
gan_sec,29899,1.131973e-01
gan_sec,29999,1.491123e-01
gan_sec,30099,1.603784e-01
gan_sec,30199,1.263747e-01
gan_sec,30299,1.693693e-01
gan_sec,30399,1.573438e-01
gan_sec,30499,1.385222e-01
gan_sec,30599,1.321456e-01
gan_sec,30699,1.601419e-01
gan_sec,30799,1.227608e-01
gan_sec,30899,1.202147e-01
gan_sec,30999,1.290410e-01
gan_sec,31099,1.107517e-01
gan_sec,31199,1.266520e-01
gan_sec,31299,1.451189e-01
gan_sec,31399,8.284879e-02
gan_sec,31499,6.612484e-02
gan_sec,31599,1.287695e-01
gan_sec,31699,1.007516e-01
gan_sec,31799,8.109719e-02
gan_sec,31899,9.444052e-02
gan_sec,31999,1.104667e-01
gan_sec,32099,1.084580e-01
gan_sec,32199,8.923707e-02
gan_sec,32299,1.190037e-01
gan_sec,32399,1.111942e-01
gan_sec,32499,4.253830e-02
gan_sec,32599,1.127067e-01
gan_sec,32699,1.013782e-01
gan_sec,32799,7.017209e-02
gan_sec,32899,9.702945e-02
gan_sec,32999,9.981509e-02
gan_sec,33099,1.082699e-01
gan_sec,33199,1.645204e-01
gan_sec,33299,1.377759e-01
gan_sec,33399,7.716949e-02
gan_sec,33499,9.191742e-02
gan_sec,33599,8.769035e-02
gan_sec,33699,1.697335e-01
gan_sec,33799,1.235551e-01
gan_sec,33899,1.072262e-01
gan_sec,33999,1.564410e-01
gan_sec,34099,1.008539e-01
gan_sec,34199,9.334190e-02
gan_sec,34299,9.622633e-02
gan_sec,34399,1.205473e-01
gan_sec,34499,7.848229e-02
gan_sec,34599,7.111083e-02
gan_sec,34699,9.293815e-02
gan_sec,34799,1.659799e-01
gan_sec,34899,1.589887e-01
gan_sec,34999,1.384206e-01
gan_sec,35099,7.521766e-02
gan_sec,35199,1.930517e-01
gan_sec,35299,1.656323e-01
gan_sec,35399,9.841101e-02
gan_sec,35499,1.012712e-01
gan_sec,35599,1.363051e-01
gan_sec,35699,1.351904e-01
gan_sec,35799,1.931005e-01
gan_sec,35899,1.225038e-01
gan_sec,35999,1.312886e-01
gan_sec,36099,1.395724e-01
gan_sec,36199,1.523423e-01
gan_sec,36299,1.257529e-01
gan_sec,36399,1.488495e-01
gan_sec,36499,1.501676e-01
gan_sec,36599,1.748464e-01
gan_sec,36699,1.784554e-01
gan_sec,36799,2.129120e-01
gan_sec,36899,1.540784e-01
gan_sec,36999,1.076346e-01
gan_sec,37099,1.247946e-01
gan_sec,37199,1.328233e-01
gan_sec,37299,1.538822e-01
gan_sec,37399,1.210222e-01
gan_sec,37499,1.396032e-01
gan_sec,37599,1.436111e-01
gan_sec,37699,1.507896e-01
gan_sec,37799,1.082659e-01
gan_sec,37899,1.777531e-01
gan_sec,37999,1.163181e-01
gan_sec,38099,1.191161e-01
gan_sec,38199,1.200074e-01
gan_sec,38299,1.404508e-01
gan_sec,38399,1.557763e-01
gan_sec,38499,1.185062e-01
gan_sec,38599,1.562976e-01
gan_sec,38699,7.839475e-02
gan_sec,38799,1.207020e-01
gan_sec,38899,1.817476e-01
gan_sec,38999,1.159648e-01
gan_sec,39099,1.106583e-01
gan_sec,39199,1.003514e-01
gan_sec,39299,1.259540e-01
gan_sec,39399,1.717413e-01
gan_sec,39499,1.327260e-01
gan_sec,39599,1.039716e-01
gan_sec,39699,1.684896e-01
gan_sec,39799,1.227512e-01
gan_sec,39899,9.923708e-02
gan_sec,39999,1.523326e-01
phingan_cnt,0,3.080380e-01
phingan_cnt,99,3.890223e-02
phingan_cnt,199,3.662036e-02
phingan_cnt,299,3.840007e-02
phingan_cnt,399,3.137311e-02
phingan_cnt,499,3.260615e-02
phingan_cnt,599,3.300266e-02
phingan_cnt,699,3.213137e-02
phingan_cnt,799,3.292337e-02
phingan_cnt,899,2.985105e-02
phingan_cnt,999,3.247222e-02
phingan_cnt,1099,3.032207e-02
phingan_cnt,1199,3.271839e-02
phingan_cnt,1299,3.047378e-02
phingan_cnt,1399,2.792172e-02
phingan_cnt,1499,2.927486e-02
phingan_cnt,1599,2.847414e-02
phingan_cnt,1699,3.075951e-02
phingan_cnt,1799,2.800597e-02
phingan_cnt,1899,2.509423e-02
phingan_cnt,1999,2.504369e-02
phingan_cnt,2099,2.506965e-02
phingan_cnt,2199,2.579810e-02
phingan_cnt,2299,2.433742e-02
phingan_cnt,2399,2.158239e-02
phingan_cnt,2499,2.117265e-02
phingan_cnt,2599,1.979268e-02
phingan_cnt,2699,2.085977e-02
phingan_cnt,2799,2.134672e-02
phingan_cnt,2899,1.865308e-02
phingan_cnt,2999,1.912319e-02
phingan_cnt,3099,1.759878e-02
phingan_cnt,3199,1.850000e-02
phingan_cnt,3299,1.906980e-02
phingan_cnt,3399,1.799503e-02
phingan_cnt,3499,1.980834e-02
phingan_cnt,3599,1.703087e-02
phingan_cnt,3699,1.975815e-02
phingan_cnt,3799,2.035060e-02
phingan_cnt,3899,1.914133e-02
phingan_cnt,3999,1.902257e-02
phingan_cnt,4099,1.765771e-02
phingan_cnt,4199,1.834979e-02
phingan_cnt,4299,1.882717e-02
phingan_cnt,4399,1.647380e-02
phingan_cnt,4499,1.606959e-02
phingan_cnt,4599,1.842205e-02
phingan_cnt,4699,1.740921e-02
phingan_cnt,4799,1.775003e-02
phingan_cnt,4899,1.654875e-02
phingan_cnt,4999,1.816441e-02
phingan_cnt,5099,1.539818e-02
phingan_cnt,5199,1.625739e-02
phingan_cnt,5299,1.516350e-02
phingan_cnt,5399,1.581950e-02
phingan_cnt,5499,1.501365e-02
phingan_cnt,5599,1.520984e-02
phingan_cnt,5699,1.395072e-02
phingan_cnt,5799,1.481039e-02
phingan_cnt,5899,1.406572e-02
phingan_cnt,5999,1.541361e-02
phingan_cnt,6099,1.373591e-02
phingan_cnt,6199,1.466047e-02
phingan_cnt,6299,1.384422e-02
phingan_cnt,6399,1.227329e-02
phingan_cnt,6499,1.317548e-02
phingan_cnt,6599,1.379802e-02
phingan_cnt,6699,1.322012e-02
phingan_cnt,6799,1.251142e-02
phingan_cnt,6899,1.248183e-02
phingan_cnt,6999,1.256409e-02
phingan_cnt,7099,1.218836e-02
phingan_cnt,7199,1.252238e-02
phingan_cnt,7299,1.253182e-02
phingan_cnt,7399,1.418487e-02
phingan_cnt,7499,1.220286e-02
phingan_cnt,7599,1.281744e-02
phingan_cnt,7699,1.358377e-02
phingan_cnt,7799,1.287417e-02
phingan_cnt,7899,1.371260e-02
phingan_cnt,7999,1.382511e-02
phingan_cnt,8099,1.380777e-02
phingan_cnt,8199,1.244058e-02
phingan_cnt,8299,1.341050e-02
phingan_cnt,8399,1.365091e-02
phingan_cnt,8499,1.226842e-02
phingan_cnt,8599,1.351795e-02
phingan_cnt,8699,1.488032e-02
phingan_cnt,8799,1.362887e-02
phingan_cnt,8899,1.460554e-02
phingan_cnt,8999,1.424342e-02
phingan_cnt,9099,1.420187e-02
phingan_cnt,9199,1.330330e-02
phingan_cnt,9299,1.293173e-02
phingan_cnt,9399,1.454552e-02
phingan_cnt,9499,1.334910e-02
phingan_cnt,9599,1.339858e-02
phingan_cnt,9699,1.298155e-02
phingan_cnt,9799,1.312724e-02
phingan_cnt,9899,1.312499e-02
phingan_cnt,9999,1.383229e-02
phingan_cnt,10099,1.377230e-02
phingan_cnt,10199,1.413468e-02
phingan_cnt,10299,1.321406e-02
phingan_cnt,10399,1.200187e-02
phingan_cnt,10499,1.293510e-02
phingan_cnt,10599,1.251121e-02
phingan_cnt,10699,1.215994e-02
phingan_cnt,10799,1.301117e-02
phingan_cnt,10899,1.259547e-02
phingan_cnt,10999,1.291837e-02
phingan_cnt,11099,1.279357e-02
phingan_cnt,11199,1.274234e-02
phingan_cnt,11299,1.185694e-02
phingan_cnt,11399,1.415895e-02
phingan_cnt,11499,1.241978e-02
phingan_cnt,11599,1.124398e-02
phingan_cnt,11699,1.242223e-02
phingan_cnt,11799,1.177659e-02
phingan_cnt,11899,1.204605e-02
phingan_cnt,11999,1.145055e-02
phingan_cnt,12099,1.208121e-02
phingan_cnt,12199,1.214483e-02
phingan_cnt,12299,1.340299e-02
phingan_cnt,12399,1.297882e-02
phingan_cnt,12499,1.216514e-02
phingan_cnt,12599,1.158799e-02
phingan_cnt,12699,1.251226e-02
phingan_cnt,12799,1.220254e-02
phingan_cnt,12899,1.238195e-02
phingan_cnt,12999,1.299539e-02
phingan_cnt,13099,1.242270e-02
phingan_cnt,13199,1.206290e-02
phingan_cnt,13299,1.152954e-02
phingan_cnt,13399,1.113390e-02
phingan_cnt,13499,1.164001e-02
phingan_cnt,13599,1.230394e-02
phingan_cnt,13699,1.209802e-02
phingan_cnt,13799,1.080712e-02
phingan_cnt,13899,1.217005e-02
phingan_cnt,13999,1.166347e-02
phingan_cnt,14099,1.272790e-02
phingan_cnt,14199,1.169978e-02
phingan_cnt,14299,1.186868e-02
phingan_cnt,14399,1.064969e-02
phingan_cnt,14499,1.200588e-02
phingan_cnt,14599,1.249108e-02
phingan_cnt,14699,1.380102e-02
phingan_cnt,14799,1.210757e-02
phingan_cnt,14899,1.163943e-02
phingan_cnt,14999,1.267875e-02
phingan_cnt,15099,1.104099e-02
phingan_cnt,15199,1.108233e-02
phingan_cnt,15299,1.237657e-02
phingan_cnt,15399,1.177729e-02
phingan_cnt,15499,1.272149e-02
phingan_cnt,15599,1.073840e-02
phingan_cnt,15699,1.164393e-02
phingan_cnt,15799,1.238518e-02
phingan_cnt,15899,1.244206e-02
phingan_cnt,15999,1.272048e-02
phingan_cnt,16099,1.215614e-02
phingan_cnt,16199,1.102938e-02
phingan_cnt,16299,1.195717e-02
phingan_cnt,16399,1.254023e-02
phingan_cnt,16499,1.208010e-02
phingan_cnt,16599,1.224535e-02
phingan_cnt,16699,1.162569e-02
phingan_cnt,16799,1.216355e-02
phingan_cnt,16899,1.307489e-02
phingan_cnt,16999,1.252069e-02
phingan_cnt,17099,1.182878e-02
phingan_cnt,17199,1.318515e-02
phingan_cnt,17299,1.196164e-02
phingan_cnt,17399,1.151985e-02
phingan_cnt,17499,1.097755e-02
phingan_cnt,17599,1.146623e-02
phingan_cnt,17699,1.247067e-02
phingan_cnt,17799,1.210465e-02
phingan_cnt,17899,1.075007e-02
phingan_cnt,17999,1.154508e-02
phingan_cnt,18099,1.231959e-02
phingan_cnt,18199,1.313592e-02
phingan_cnt,18299,1.130775e-02
phingan_cnt,18399,1.090211e-02
phingan_cnt,18499,1.190167e-02
phingan_cnt,18599,1.127637e-02
phingan_cnt,18699,1.124556e-02
phingan_cnt,18799,1.157647e-02
phingan_cnt,18899,1.145052e-02
phingan_cnt,18999,1.102833e-02
phingan_cnt,19099,1.182296e-02
phingan_cnt,19199,1.327886e-02
phingan_cnt,19299,1.091453e-02
phingan_cnt,19399,1.100521e-02
phingan_cnt,19499,1.098686e-02
phingan_cnt,19599,1.156258e-02
phingan_cnt,19699,1.246626e-02
phingan_cnt,19799,1.044869e-02
phingan_cnt,19899,1.125594e-02
phingan_cnt,19999,1.083049e-02
phingan_cnt,20099,1.243858e-02
phingan_cnt,20199,1.096055e-02
phingan_cnt,20299,1.107332e-02
phingan_cnt,20399,1.059976e-02
phingan_cnt,20499,1.149063e-02
phingan_cnt,20599,1.077062e-02
phingan_cnt,20699,1.044297e-02
phingan_cnt,20799,1.159549e-02
phingan_cnt,20899,1.277747e-02
phingan_cnt,20999,1.217043e-02
phingan_cnt,21099,1.075771e-02
phingan_cnt,21199,1.172414e-02
phingan_cnt,21299,1.137325e-02
phingan_cnt,21399,1.076077e-02
phingan_cnt,21499,1.014290e-02
phingan_cnt,21599,1.131237e-02
phingan_cnt,21699,1.219157e-02
phingan_cnt,21799,1.187284e-02
phingan_cnt,21899,1.127777e-02
phingan_cnt,21999,1.021678e-02
phingan_cnt,22099,1.168399e-02
phingan_cnt,22199,1.177550e-02
phingan_cnt,22299,1.070034e-02
phingan_cnt,22399,1.185781e-02
phingan_cnt,22499,1.196177e-02
phingan_cnt,22599,1.118445e-02
phingan_cnt,22699,1.123106e-02
phingan_cnt,22799,1.163958e-02
phingan_cnt,22899,1.126386e-02
phingan_cnt,22999,1.237817e-02
phingan_cnt,23099,1.155448e-02
phingan_cnt,23199,1.184728e-02
phingan_cnt,23299,1.281020e-02
phingan_cnt,23399,1.165506e-02
phingan_cnt,23499,1.045998e-02
phingan_cnt,23599,1.171544e-02
phingan_cnt,23699,1.164288e-02
phingan_cnt,23799,1.045176e-02
phingan_cnt,23899,1.101935e-02
phingan_cnt,23999,1.076711e-02
phingan_cnt,24099,1.110261e-02
phingan_cnt,24199,1.127850e-02
phingan_cnt,24299,1.089539e-02
phingan_cnt,24399,1.083850e-02
phingan_cnt,24499,1.111946e-02
phingan_cnt,24599,1.124510e-02
phingan_cnt,24699,1.224896e-02
phingan_cnt,24799,1.049789e-02
phingan_cnt,24899,1.159120e-02
phingan_cnt,24999,1.135047e-02
phingan_cnt,25099,1.253324e-02
phingan_cnt,25199,1.218418e-02
phingan_cnt,25299,1.161978e-02
phingan_cnt,25399,1.156254e-02
phingan_cnt,25499,1.075481e-02
phingan_cnt,25599,1.147374e-02
phingan_cnt,25699,1.116218e-02
phingan_cnt,25799,1.115394e-02
phingan_cnt,25899,1.222716e-02
phingan_cnt,25999,1.088624e-02
phingan_cnt,26099,1.239601e-02
phingan_cnt,26199,1.187079e-02
phingan_cnt,26299,1.057435e-02
phingan_cnt,26399,1.172679e-02
phingan_cnt,26499,1.110146e-02
phingan_cnt,26599,1.185558e-02
phingan_cnt,26699,1.339084e-02
phingan_cnt,26799,1.203380e-02
phingan_cnt,26899,1.116281e-02
phingan_cnt,26999,1.089538e-02
phingan_cnt,27099,1.075736e-02
phingan_cnt,27199,1.152754e-02
phingan_cnt,27299,1.121334e-02
phingan_cnt,27399,1.093241e-02
phingan_cnt,27499,1.077110e-02
phingan_cnt,27599,1.056686e-02
phingan_cnt,27699,1.120897e-02
phingan_cnt,27799,1.209422e-02
phingan_cnt,27899,1.136879e-02
phingan_cnt,27999,1.124140e-02
phingan_cnt,28099,1.213450e-02
phingan_cnt,28199,1.095091e-02
phingan_cnt,28299,1.092740e-02
phingan_cnt,28399,1.117767e-02
phingan_cnt,28499,1.125736e-02
phingan_cnt,28599,1.216138e-02
phingan_cnt,28699,1.097690e-02
phingan_cnt,28799,1.146796e-02
phingan_cnt,28899,1.023635e-02
phingan_cnt,28999,1.160300e-02
phingan_cnt,29099,1.050956e-02
phingan_cnt,29199,1.124316e-02
phingan_cnt,29299,1.126480e-02
phingan_cnt,29399,1.106402e-02
phingan_cnt,29499,1.190901e-02
phingan_cnt,29599,1.164974e-02
phingan_cnt,29699,1.174284e-02
phingan_cnt,29799,1.251283e-02
phingan_cnt,29899,1.100381e-02
phingan_cnt,29999,1.195791e-02
phingan_cnt,30099,1.125645e-02
phingan_cnt,30199,1.116086e-02
phingan_cnt,30299,1.154299e-02
phingan_cnt,30399,1.206237e-02
phingan_cnt,30499,1.189507e-02
phingan_cnt,30599,1.288772e-02
phingan_cnt,30699,1.113366e-02
phingan_cnt,30799,1.175612e-02
phingan_cnt,30899,1.132112e-02
phingan_cnt,30999,1.143636e-02
phingan_cnt,31099,1.159616e-02
phingan_cnt,31199,1.084059e-02
phingan_cnt,31299,1.058716e-02
phingan_cnt,31399,1.110418e-02
phingan_cnt,31499,1.127295e-02
phingan_cnt,31599,1.098279e-02
phingan_cnt,31699,1.137101e-02
phingan_cnt,31799,1.142316e-02
phingan_cnt,31899,1.122049e-02
phingan_cnt,31999,1.127495e-02
phingan_cnt,32099,1.089995e-02
phingan_cnt,32199,1.148919e-02
phingan_cnt,32299,1.319679e-02
phingan_cnt,32399,1.166605e-02
phingan_cnt,32499,1.146682e-02
phingan_cnt,32599,1.157863e-02
phingan_cnt,32699,1.156765e-02
phingan_cnt,32799,1.213924e-02
phingan_cnt,32899,1.204719e-02
phingan_cnt,32999,1.135450e-02
phingan_cnt,33099,1.154865e-02
phingan_cnt,33199,1.179481e-02
phingan_cnt,33299,1.190291e-02
phingan_cnt,33399,1.140963e-02
phingan_cnt,33499,1.163454e-02
phingan_cnt,33599,1.177186e-02
phingan_cnt,33699,1.301196e-02
phingan_cnt,33799,1.278631e-02
phingan_cnt,33899,1.156746e-02
phingan_cnt,33999,1.329225e-02
phingan_cnt,34099,1.215397e-02
phingan_cnt,34199,1.233695e-02
phingan_cnt,34299,1.174198e-02
phingan_cnt,34399,1.286560e-02
phingan_cnt,34499,1.124466e-02
phingan_cnt,34599,1.250792e-02
phingan_cnt,34699,1.184226e-02
phingan_cnt,34799,1.234627e-02
phingan_cnt,34899,1.160060e-02
phingan_cnt,34999,1.243026e-02
phingan_cnt,35099,1.237175e-02
phingan_cnt,35199,1.351970e-02
phingan_cnt,35299,1.149339e-02
phingan_cnt,35399,1.241033e-02
phingan_cnt,35499,1.229541e-02
phingan_cnt,35599,1.260589e-02
phingan_cnt,35699,1.274663e-02
phingan_cnt,35799,1.099212e-02
phingan_cnt,35899,1.156576e-02
phingan_cnt,35999,1.107290e-02
phingan_cnt,36099,1.091810e-02
phingan_cnt,36199,1.290459e-02
phingan_cnt,36299,1.107422e-02
phingan_cnt,36399,1.400860e-02
phingan_cnt,36499,1.140677e-02
phingan_cnt,36599,1.160658e-02
phingan_cnt,36699,1.153539e-02
phingan_cnt,36799,1.204369e-02
phingan_cnt,36899,1.151344e-02
phingan_cnt,36999,1.113233e-02
phingan_cnt,37099,1.175168e-02
phingan_cnt,37199,1.222766e-02
phingan_cnt,37299,1.348405e-02
phingan_cnt,37399,1.235015e-02
phingan_cnt,37499,1.281741e-02
phingan_cnt,37599,1.161294e-02
phingan_cnt,37699,1.151582e-02
phingan_cnt,37799,1.128921e-02
phingan_cnt,37899,1.226151e-02
phingan_cnt,37999,1.233735e-02
phingan_cnt,38099,1.236533e-02
phingan_cnt,38199,1.088890e-02
phingan_cnt,38299,1.157453e-02
phingan_cnt,38399,1.286412e-02
phingan_cnt,38499,1.337475e-02
phingan_cnt,38599,1.165704e-02
phingan_cnt,38699,1.162268e-02
phingan_cnt,38799,1.162241e-02
phingan_cnt,38899,1.201050e-02
phingan_cnt,38999,1.212125e-02
phingan_cnt,39099,1.097284e-02
phingan_cnt,39199,1.118188e-02
phingan_cnt,39299,1.161254e-02
phingan_cnt,39399,1.189934e-02
phingan_cnt,39499,1.175818e-02
phingan_cnt,39599,1.238367e-02
phingan_cnt,39699,1.236295e-02
phingan_cnt,39799,1.182875e-02
phingan_cnt,39899,1.186115e-02
phingan_cnt,39999,1.203633e-02
phingan_sec,0,9.008195e-01
phingan_sec,99,2.893977e-01
phingan_sec,199,1.895121e-01
phingan_sec,299,1.823620e-01
phingan_sec,399,1.052173e-01
phingan_sec,499,5.517601e-02
phingan_sec,599,3.650863e-02
phingan_sec,699,2.659163e-02
phingan_sec,799,2.978456e-02
phingan_sec,899,2.515877e-02
phingan_sec,999,1.569314e-02
phingan_sec,1099,1.358625e-02
phingan_sec,1199,1.418518e-02
phingan_sec,1299,1.501719e-02
phingan_sec,1399,1.259103e-02
phingan_sec,1499,1.194623e-02
phingan_sec,1599,1.299033e-02
phingan_sec,1699,1.258583e-02
phingan_sec,1799,1.004114e-02
phingan_sec,1899,1.075629e-02
phingan_sec,1999,1.266155e-02
phingan_sec,2099,1.063849e-02
phingan_sec,2199,9.926367e-03
phingan_sec,2299,1.283382e-02
phingan_sec,2399,9.642944e-03
phingan_sec,2499,1.272509e-02
phingan_sec,2599,1.020730e-02
phingan_sec,2699,1.286600e-02
phingan_sec,2799,1.170589e-02
phingan_sec,2899,1.081269e-02
phingan_sec,2999,1.140130e-02
phingan_sec,3099,9.077546e-03
phingan_sec,3199,1.044975e-02
phingan_sec,3299,1.018152e-02
phingan_sec,3399,9.142533e-03
phingan_sec,3499,8.526669e-03
phingan_sec,3599,1.250840e-02
phingan_sec,3699,1.365986e-02
phingan_sec,3799,2.118379e-02
phingan_sec,3899,9.246416e-03
phingan_sec,3999,1.477637e-02
phingan_sec,4099,8.913833e-03
phingan_sec,4199,9.836029e-03
phingan_sec,4299,9.005488e-03
phingan_sec,4399,9.589872e-03
phingan_sec,4499,9.337484e-03
phingan_sec,4599,9.089522e-03
phingan_sec,4699,1.059013e-02
phingan_sec,4799,1.029757e-02
phingan_sec,4899,9.926618e-03
phingan_sec,4999,1.202425e-02
phingan_sec,5099,1.050350e-02
phingan_sec,5199,8.548388e-03
phingan_sec,5299,1.019605e-02
phingan_sec,5399,9.330663e-03
phingan_sec,5499,7.628705e-03
phingan_sec,5599,9.073241e-03
phingan_sec,5699,8.540407e-03
phingan_sec,5799,1.020689e-02
phingan_sec,5899,8.951141e-03
phingan_sec,5999,9.695956e-03
phingan_sec,6099,9.761755e-03
phingan_sec,6199,1.109570e-02
phingan_sec,6299,9.191655e-03
phingan_sec,6399,8.579521e-03
phingan_sec,6499,1.050473e-02
phingan_sec,6599,9.639034e-03
phingan_sec,6699,1.100659e-02
phingan_sec,6799,8.825334e-03
phingan_sec,6899,1.146337e-02
phingan_sec,6999,9.568185e-03
phingan_sec,7099,1.037878e-02
phingan_sec,7199,8.424204e-03
phingan_sec,7299,9.264844e-03
phingan_sec,7399,1.102159e-02
phingan_sec,7499,7.888503e-03
phingan_sec,7599,9.410373e-03
phingan_sec,7699,9.075447e-03
phingan_sec,7799,9.185676e-03
phingan_sec,7899,8.917952e-03
phingan_sec,7999,9.783276e-03
phingan_sec,8099,9.885962e-03
phingan_sec,8199,9.091971e-03
phingan_sec,8299,1.004899e-02
phingan_sec,8399,7.704504e-03
phingan_sec,8499,9.551658e-03
phingan_sec,8599,9.620902e-03
phingan_sec,8699,1.011289e-02
phingan_sec,8799,9.646776e-03
phingan_sec,8899,1.016321e-02
phingan_sec,8999,8.642048e-03
phingan_sec,9099,9.300831e-03
phingan_sec,9199,8.576404e-03
phingan_sec,9299,9.185609e-03
phingan_sec,9399,1.036205e-02
phingan_sec,9499,8.710206e-03
phingan_sec,9599,9.267442e-03
phingan_sec,9699,8.395866e-03
phingan_sec,9799,9.771169e-03
phingan_sec,9899,1.039450e-02
phingan_sec,9999,9.371045e-03
phingan_sec,10099,1.021620e-02
phingan_sec,10199,9.217956e-03
phingan_sec,10299,1.032716e-02
phingan_sec,10399,9.056138e-03
phingan_sec,10499,1.040529e-02
phingan_sec,10599,9.605193e-03
phingan_sec,10699,9.145209e-03
phingan_sec,10799,7.677323e-03
phingan_sec,10899,1.026950e-02
phingan_sec,10999,8.445485e-03
phingan_sec,11099,8.854466e-03
phingan_sec,11199,9.539600e-03
phingan_sec,11299,9.236834e-03
phingan_sec,11399,9.759072e-03
phingan_sec,11499,8.973059e-03
phingan_sec,11599,8.346807e-03
phingan_sec,11699,9.418374e-03
phingan_sec,11799,9.122238e-03
phingan_sec,11899,9.690599e-03
phingan_sec,11999,1.018851e-02
phingan_sec,12099,8.645196e-03
phingan_sec,12199,9.654180e-03
phingan_sec,12299,9.535084e-03
phingan_sec,12399,8.651000e-03
phingan_sec,12499,9.653674e-03
phingan_sec,12599,8.479955e-03
phingan_sec,12699,9.082992e-03
phingan_sec,12799,1.160928e-02
phingan_sec,12899,1.038904e-02
phingan_sec,12999,8.747806e-03
phingan_sec,13099,1.023912e-02
phingan_sec,13199,9.744813e-03
phingan_sec,13299,8.814192e-03
phingan_sec,13399,9.198044e-03
phingan_sec,13499,1.016616e-02
phingan_sec,13599,9.251853e-03
phingan_sec,13699,9.733923e-03
phingan_sec,13799,9.483342e-03
phingan_sec,13899,8.497903e-03
phingan_sec,13999,9.179419e-03
phingan_sec,14099,9.189784e-03
phingan_sec,14199,8.750257e-03
phingan_sec,14299,9.678561e-03
phingan_sec,14399,1.005638e-02
phingan_sec,14499,1.082891e-02
phingan_sec,14599,9.869356e-03
phingan_sec,14699,9.363298e-03
phingan_sec,14799,8.892502e-03
phingan_sec,14899,9.640412e-03
phingan_sec,14999,1.065240e-02
phingan_sec,15099,9.002969e-03
phingan_sec,15199,8.762096e-03
phingan_sec,15299,9.511490e-03
phingan_sec,15399,8.122414e-03
phingan_sec,15499,8.438141e-03
phingan_sec,15599,8.746829e-03
phingan_sec,15699,9.321545e-03
phingan_sec,15799,1.052181e-02
phingan_sec,15899,1.099330e-02
phingan_sec,15999,1.042650e-02
phingan_sec,16099,9.985181e-03
phingan_sec,16199,1.050004e-02
phingan_sec,16299,1.002209e-02
phingan_sec,16399,8.923386e-03
phingan_sec,16499,1.046286e-02
phingan_sec,16599,1.105164e-02
phingan_sec,16699,1.467821e-02
phingan_sec,16799,9.422090e-03
phingan_sec,16899,1.131044e-02
phingan_sec,16999,1.092533e-02
phingan_sec,17099,1.013135e-02
phingan_sec,17199,1.115477e-02
phingan_sec,17299,9.276282e-03
phingan_sec,17399,8.930265e-03
phingan_sec,17499,1.010152e-02
phingan_sec,17599,9.936228e-03
phingan_sec,17699,1.140780e-02
phingan_sec,17799,1.058337e-02
phingan_sec,17899,1.017677e-02
phingan_sec,17999,1.019873e-02
phingan_sec,18099,1.093145e-02
phingan_sec,18199,1.011502e-02
phingan_sec,18299,1.060042e-02
phingan_sec,18399,9.898922e-03
phingan_sec,18499,1.056866e-02
phingan_sec,18599,9.473842e-03
phingan_sec,18699,1.037974e-02
phingan_sec,18799,9.807395e-03
phingan_sec,18899,1.044236e-02
phingan_sec,18999,9.041711e-03
phingan_sec,19099,9.398686e-03
phingan_sec,19199,9.084022e-03
phingan_sec,19299,1.069366e-02
phingan_sec,19399,9.027592e-03
phingan_sec,19499,8.212996e-03
phingan_sec,19599,9.104179e-03
phingan_sec,19699,8.920554e-03
phingan_sec,19799,9.259817e-03
phingan_sec,19899,9.703672e-03
phingan_sec,19999,9.356274e-03
phingan_sec,20099,8.410249e-03
phingan_sec,20199,8.772358e-03
phingan_sec,20299,8.967722e-03
phingan_sec,20399,1.007712e-02
phingan_sec,20499,9.715051e-03
phingan_sec,20599,1.007710e-02
phingan_sec,20699,9.790046e-03
phingan_sec,20799,9.461534e-03
phingan_sec,20899,9.433852e-03
phingan_sec,20999,9.071673e-03
phingan_sec,21099,8.950383e-03
phingan_sec,21199,1.099591e-02
phingan_sec,21299,8.533751e-03
phingan_sec,21399,1.017847e-02
phingan_sec,21499,8.669698e-03
phingan_sec,21599,1.060181e-02
phingan_sec,21699,9.040011e-03
phingan_sec,21799,9.724710e-03
phingan_sec,21899,8.361886e-03
phingan_sec,21999,8.394343e-03
phingan_sec,22099,1.059537e-02
phingan_sec,22199,1.007861e-02
phingan_sec,22299,9.012192e-03
phingan_sec,22399,9.123277e-03
phingan_sec,22499,9.412711e-03
phingan_sec,22599,9.639903e-03
phingan_sec,22699,9.816289e-03
phingan_sec,22799,1.043250e-02
phingan_sec,22899,8.898553e-03
phingan_sec,22999,9.013887e-03
phingan_sec,23099,9.637197e-03
phingan_sec,23199,9.489875e-03
phingan_sec,23299,9.220625e-03
phingan_sec,23399,9.746641e-03
phingan_sec,23499,8.551364e-03
phingan_sec,23599,1.047749e-02
phingan_sec,23699,9.022760e-03
phingan_sec,23799,8.419456e-03
phingan_sec,23899,9.709281e-03
phingan_sec,23999,8.189674e-03
phingan_sec,24099,1.018279e-02
phingan_sec,24199,1.045579e-02
phingan_sec,24299,9.285713e-03
phingan_sec,24399,1.120518e-02
phingan_sec,24499,8.980479e-03
phingan_sec,24599,9.641014e-03
phingan_sec,24699,8.954266e-03
phingan_sec,24799,9.820066e-03
phingan_sec,24899,1.021226e-02
phingan_sec,24999,9.238231e-03
phingan_sec,25099,8.459460e-03
phingan_sec,25199,9.409494e-03
phingan_sec,25299,9.442324e-03
phingan_sec,25399,9.391841e-03
phingan_sec,25499,1.042247e-02
phingan_sec,25599,9.267246e-03
phingan_sec,25699,1.088892e-02
phingan_sec,25799,9.412463e-03
phingan_sec,25899,1.007211e-02
phingan_sec,25999,9.826626e-03
phingan_sec,26099,9.598270e-03
phingan_sec,26199,9.609452e-03
phingan_sec,26299,9.055117e-03
phingan_sec,26399,8.765529e-03
phingan_sec,26499,9.604155e-03
phingan_sec,26599,9.275450e-03
phingan_sec,26699,8.353855e-03
phingan_sec,26799,9.498567e-03
phingan_sec,26899,9.134841e-03
phingan_sec,26999,9.115018e-03
phingan_sec,27099,9.089137e-03
phingan_sec,27199,9.338075e-03
phingan_sec,27299,9.608198e-03
phingan_sec,27399,9.660403e-03
phingan_sec,27499,8.426941e-03
phingan_sec,27599,8.143930e-03
phingan_sec,27699,9.173679e-03
phingan_sec,27799,9.729583e-03
phingan_sec,27899,8.938631e-03
phingan_sec,27999,9.710587e-03
phingan_sec,28099,8.708053e-03
phingan_sec,28199,9.355824e-03
phingan_sec,28299,8.891734e-03
phingan_sec,28399,9.184577e-03
phingan_sec,28499,9.672201e-03
phingan_sec,28599,8.941537e-03
phingan_sec,28699,9.506489e-03
phingan_sec,28799,9.426988e-03
phingan_sec,28899,9.582973e-03
phingan_sec,28999,8.077739e-03
phingan_sec,29099,9.242534e-03
phingan_sec,29199,8.853685e-03
phingan_sec,29299,8.859555e-03
phingan_sec,29399,9.943590e-03
phingan_sec,29499,9.285649e-03
phingan_sec,29599,8.245789e-03
phingan_sec,29699,1.017114e-02
phingan_sec,29799,8.833329e-03
phingan_sec,29899,9.034322e-03
phingan_sec,29999,9.036872e-03
phingan_sec,30099,9.084240e-03
phingan_sec,30199,9.813108e-03
phingan_sec,30299,9.360641e-03
phingan_sec,30399,9.491103e-03
phingan_sec,30499,9.472750e-03
phingan_sec,30599,7.260983e-03
phingan_sec,30699,9.045891e-03
phingan_sec,30799,1.025953e-02
phingan_sec,30899,1.036220e-02
phingan_sec,30999,1.096932e-02
phingan_sec,31099,9.920235e-03
phingan_sec,31199,8.190116e-03
phingan_sec,31299,9.539765e-03
phingan_sec,31399,8.100532e-03
phingan_sec,31499,7.642166e-03
phingan_sec,31599,8.633994e-03
phingan_sec,31699,8.826782e-03
phingan_sec,31799,8.487255e-03
phingan_sec,31899,9.356236e-03
phingan_sec,31999,9.555494e-03
phingan_sec,32099,8.586277e-03
phingan_sec,32199,9.271440e-03
phingan_sec,32299,9.673359e-03
phingan_sec,32399,9.076670e-03
phingan_sec,32499,8.409653e-03
phingan_sec,32599,9.407896e-03
phingan_sec,32699,9.093632e-03
phingan_sec,32799,1.086296e-02
phingan_sec,32899,9.539246e-03
phingan_sec,32999,8.910884e-03
phingan_sec,33099,1.014860e-02
phingan_sec,33199,8.913244e-03
phingan_sec,33299,8.831576e-03
phingan_sec,33399,8.505168e-03
phingan_sec,33499,9.415559e-03
phingan_sec,33599,9.065901e-03
phingan_sec,33699,9.408063e-03
phingan_sec,33799,9.972178e-03
phingan_sec,33899,9.714290e-03
phingan_sec,33999,9.176820e-03
phingan_sec,34099,8.196506e-03
phingan_sec,34199,9.167006e-03
phingan_sec,34299,8.311249e-03
phingan_sec,34399,9.946583e-03
phingan_sec,34499,8.646840e-03
phingan_sec,34599,1.027906e-02
phingan_sec,34699,8.380117e-03
phingan_sec,34799,9.591104e-03
phingan_sec,34899,9.531917e-03
phingan_sec,34999,1.046297e-02
phingan_sec,35099,9.278380e-03
phingan_sec,35199,8.544034e-03
phingan_sec,35299,9.208781e-03
phingan_sec,35399,8.937471e-03
phingan_sec,35499,9.258274e-03
phingan_sec,35599,8.825392e-03
phingan_sec,35699,9.421320e-03
phingan_sec,35799,8.234773e-03
phingan_sec,35899,9.213542e-03
phingan_sec,35999,8.814924e-03
phingan_sec,36099,8.491153e-03
phingan_sec,36199,9.289928e-03
phingan_sec,36299,9.334019e-03
phingan_sec,36399,9.191774e-03
phingan_sec,36499,1.045358e-02
phingan_sec,36599,7.883132e-03
phingan_sec,36699,8.004006e-03
phingan_sec,36799,9.294251e-03
phingan_sec,36899,9.286082e-03
phingan_sec,36999,8.473772e-03
phingan_sec,37099,8.790050e-03
phingan_sec,37199,1.119991e-02
phingan_sec,37299,9.023795e-03
phingan_sec,37399,8.244094e-03
