epoch,z_bias,z_std_ratio,ks,gen_z_le_0,gen_z_ge_1,gen_z_gt_0.99,gen_z_gt_0.999,gen_z_max,g4_z_le_0,g4_z_ge_1,g4_z_gt_0.99,g4_z_gt_0.999,g4_z_max,phys_reg,n_rows
99,0.02101689949631691,0.9110026955604553,0.023734,0.470562,0.152477,0.154935,0.152728,1.950454592704773,0.475276,0.153627,0.156307,0.153898,4.07520866394043,nan,1000000
199,0.010479913093149662,0.9517378807067871,0.013936,0.474138,0.153251,0.15598,0.153548,2.203223943710327,0.475276,0.153627,0.156307,0.153898,4.07520866394043,nan,1000000
299,0.006152999587357044,0.9725195169448853,0.00855,0.476827,0.152819,0.155415,0.153063,2.4419772624969482,0.475276,0.153627,0.156307,0.153898,4.07520866394043,nan,1000000
399,0.009352032095193863,0.9772648215293884,0.005183,0.473837,0.154415,0.157063,0.154692,2.673948049545288,0.475276,0.153627,0.156307,0.153898,4.07520866394043,nan,1000000
499,0.003931790590286255,0.9848965406417847,0.0031940000000000002,0.475654,0.154331,0.157039,0.154582,2.8651063442230225,0.475276,0.153627,0.156307,0.153898,4.07520866394043,nan,1000000
599,0.00548482034355402,0.9898364543914795,0.002886999999999973,0.474375,0.155115,0.1578,0.155387,3.025341033935547,0.475276,0.153627,0.156307,0.153898,4.07520866394043,nan,1000000
699,-0.0030796057544648647,0.9958174228668213,0.0026740000000000097,0.47756,0.153546,0.156209,0.153799,3.1675620079040527,0.475276,0.153627,0.156307,0.153898,4.07520866394043,nan,1000000
799,0.005083938129246235,0.9963526725769043,0.0021649999999999725,0.473389,0.155158,0.157986,0.155418,3.2979042530059814,0.475276,0.153627,0.156307,0.153898,4.07520866394043,nan,1000000
899,0.0005237190052866936,0.9953961372375488,0.0014210000000000056,0.475296,0.153231,0.155906,0.15349,3.4196231365203857,0.475276,0.153627,0.156307,0.153898,4.07520866394043,nan,1000000
999,-0.0034252589102834463,0.9958513379096985,0.0027200000000000557,0.476144,0.151727,0.154413,0.151974,3.5305984020233154,0.475276,0.153627,0.156307,0.153898,4.07520866394043,nan,1000000
1099,-0.00046458025462925434,0.9996386766433716,0.0009979999999999989,0.474918,0.153656,0.156297,0.153908,3.6193342208862305,0.475276,0.153627,0.156307,0.153898,4.07520866394043,nan,1000000
1199,-0.0036205113865435123,0.999918520450592,0.0018409999999999815,0.476167,0.152481,0.155129,0.152733,3.702171564102173,0.475276,0.153627,0.156307,0.153898,4.07520866394043,nan,1000000
1299,-0.005241227801889181,1.0002264976501465,0.0027840000000000087,0.477199,0.152711,0.155302,0.152966,3.719658851623535,0.475276,0.153627,0.156307,0.153898,4.07520866394043,nan,1000000
1399,-0.005158407613635063,0.9987841844558716,0.0028739999999999877,0.477323,0.152319,0.154852,0.15257,3.621591806411743,0.475276,0.153627,0.156307,0.153898,4.07520866394043,nan,1000000
1499,-0.002910775598138571,1.000396490097046,0.0020319999999999783,0.475579,0.152924,0.155546,0.15317,3.612438440322876,0.475276,0.153627,0.156307,0.153898,4.07520866394043,nan,1000000
1599,-0.0022040812764316797,0.9990127086639404,0.0023090000000000055,0.476517,0.153197,0.155911,0.153466,3.6577272415161133,0.475276,0.153627,0.156307,0.153898,4.07520866394043,nan,1000000
1699,-0.002484410535544157,0.9967241287231445,0.0021260000000000723,0.476617,0.151992,0.1547,0.152279,3.6937100887298584,0.475276,0.153627,0.156307,0.153898,4.07520866394043,nan,1000000
1799,0.0007480764761567116,0.9964861869812012,0.0017680000000000196,0.474475,0.152431,0.155164,0.152732,3.7228481769561768,0.475276,0.153627,0.156307,0.153898,4.07520866394043,nan,1000000
1899,-0.0058036912232637405,0.9980502724647522,0.0034720000000000306,0.477628,0.151593,0.154229,0.151856,3.755769968032837,0.475276,0.153627,0.156307,0.153898,4.07520866394043,nan,1000000
1999,-0.0019230721518397331,0.9996961951255798,0.0020299999999999763,0.47639,0.153424,0.156103,0.153666,3.8160641193389893,0.475276,0.153627,0.156307,0.153898,4.07520866394043,nan,1000000
2099,-0.0037871862296015024,0.9977657198905945,0.0027329999999999854,0.476524,0.152049,0.154722,0.152324,3.860097885131836,0.475276,0.153627,0.156307,0.153898,4.07520866394043,nan,1000000
2199,-0.0033784841652959585,0.9982516169548035,0.0025060000000000082,0.476307,0.151919,0.15462,0.152204,3.8982741832733154,0.475276,0.153627,0.156307,0.153898,4.07520866394043,nan,1000000
2299,-0.008825099095702171,0.9996051788330078,0.004918000000000089,0.479085,0.151361,0.153996,0.151609,3.91172456741333,0.475276,0.153627,0.156307,0.153898,4.07520866394043,nan,1000000
2399,-0.003415954066440463,0.9989044070243835,0.002079000000000053,0.476573,0.152419,0.15503,0.152667,3.9017906188964844,0.475276,0.153627,0.156307,0.153898,4.07520866394043,nan,1000000
2499,-0.00028060702607035637,0.9962142705917358,0.002006999999999981,0.475999,0.152463,0.155174,0.15273,3.9166853427886963,0.475276,0.153627,0.156307,0.153898,4.07520866394043,nan,1000000
2599,-0.00015388522297143936,0.999634861946106,0.0010919999999999819,0.475919,0.153416,0.156148,0.153699,3.894787073135376,0.475276,0.153627,0.156307,0.153898,4.07520866394043,nan,1000000
2699,-0.0005125838797539473,0.9972944259643555,0.0022300000000000653,0.477041,0.152877,0.15548,0.153139,3.956329822540283,0.475276,0.153627,0.156307,0.153898,4.07520866394043,nan,1000000
2799,9.961053729057312e-05,0.9970756769180298,0.0023290000000000255,0.477345,0.153159,0.155794,0.153421,3.9603774547576904,0.475276,0.153627,0.156307,0.153898,4.07520866394043,nan,1000000
2899,-0.008786700665950775,1.0000685453414917,0.005580000000000029,0.48073,0.151444,0.153952,0.151716,3.950368881225586,0.475276,0.153627,0.156307,0.153898,4.07520866394043,nan,1000000
2999,-0.007105846889317036,0.9972968101501465,0.0045560000000000045,0.479609,0.150948,0.153496,0.151225,3.8053128719329834,0.475276,0.153627,0.156307,0.153898,4.07520866394043,nan,1000000
3099,-0.0038096343632787466,0.9973959922790527,0.00340600000000002,0.478466,0.151897,0.154528,0.152167,3.8217921257019043,0.475276,0.153627,0.156307,0.153898,4.07520866394043,nan,1000000
3199,-0.002739646937698126,0.9977025985717773,0.0022520000000000318,0.476251,0.1515,0.154193,0.151786,3.8371589183807373,0.475276,0.153627,0.156307,0.153898,4.07520866394043,nan,1000000
3299,-0.00479842210188508,0.9980083107948303,0.0033340000000000036,0.478337,0.152167,0.154888,0.152464,3.7662415504455566,0.475276,0.153627,0.156307,0.153898,4.07520866394043,nan,1000000
3399,-0.0008376652840524912,0.9985276460647583,0.001346999999999987,0.47658,0.153599,0.156284,0.15385,3.7022716999053955,0.475276,0.153627,0.156307,0.153898,4.07520866394043,nan,1000000
3499,-0.0036953517701476812,0.99997878074646,0.0026169999999999805,0.47785,0.153306,0.155931,0.15357,3.7728536128997803,0.475276,0.153627,0.156307,0.153898,4.07520866394043,nan,1000000
3599,-0.002315112855285406,0.9955852031707764,0.002678000000000069,0.477442,0.151866,0.154498,0.152134,3.809816360473633,0.475276,0.153627,0.156307,0.153898,4.07520866394043,nan,1000000
3699,-0.008214542642235756,0.9994074106216431,0.005097000000000018,0.480083,0.15166,0.154358,0.151943,3.860879421234131,0.475276,0.153627,0.156307,0.153898,4.07520866394043,nan,1000000
3799,-0.0010968539863824844,0.9999499917030334,0.00189499999999998,0.476923,0.153799,0.156426,0.15406,3.827415943145752,0.475276,0.153627,0.156307,0.153898,4.07520866394043,nan,1000000
3899,-0.0052529447712004185,0.9986922740936279,0.003713999999999995,0.47843,0.152127,0.15481,0.152377,3.7810561656951904,0.475276,0.153627,0.156307,0.153898,4.07520866394043,nan,1000000
3999,-0.006864640396088362,1.0008265972137451,0.003933999999999993,0.478736,0.152173,0.154898,0.152458,3.737586498260498,0.475276,0.153627,0.156307,0.153898,4.07520866394043,nan,1000000
4099,0.00017124926671385765,1.00080144405365,0.001064000000000065,0.475736,0.154119,0.156757,0.154373,3.73520565032959,0.475276,0.153627,0.156307,0.153898,4.07520866394043,nan,1000000
4199,0.0012617222964763641,0.9995058178901672,0.0013110000000000066,0.475271,0.154042,0.156702,0.154295,3.7449700832366943,0.475276,0.153627,0.156307,0.153898,4.07520866394043,nan,1000000
4299,-0.003808292793110013,0.9997195601463318,0.0020010000000000305,0.476548,0.152445,0.155162,0.152704,3.743083953857422,0.475276,0.153627,0.156307,0.153898,4.07520866394043,nan,1000000
4399,0.002232803963124752,0.9987947344779968,0.001714000000000021,0.47441,0.153851,0.156524,0.154102,3.819920301437378,0.475276,0.153627,0.156307,0.153898,4.07520866394043,nan,1000000
4499,-0.0012003341689705849,1.00332510471344,0.0018820000000000503,0.476359,0.154471,0.157093,0.154742,3.893399715423584,0.475276,0.153627,0.156307,0.153898,4.07520866394043,nan,1000000
4599,-0.0028766938485205173,0.9993528723716736,0.0022249999999999215,0.477026,0.152621,0.155229,0.15287,3.892685651779175,0.475276,0.153627,0.156307,0.153898,4.07520866394043,nan,1000000
4699,-0.007851524278521538,1.0015355348587036,0.003939999999999999,0.478931,0.151951,0.154538,0.152201,3.912203550338745,0.475276,0.153627,0.156307,0.153898,4.07520866394043,nan,1000000
4799,-0.01186429150402546,1.0038012266159058,0.006027999999999978,0.480897,0.15164,0.154227,0.151884,4.035008907318115,0.475276,0.153627,0.156307,0.153898,4.07520866394043,nan,1000000
4899,0.0014486056752502918,0.9988713264465332,0.0014969999999999983,0.475328,0.153635,0.156306,0.153925,4.162398815155029,0.475276,0.153627,0.156307,0.153898,4.07520866394043,nan,1000000
4999,-0.001176741672679782,1.0002659559249878,0.0017379999999999618,0.476741,0.153205,0.155869,0.153452,4.214007377624512,0.475276,0.153627,0.156307,0.153898,4.07520866394043,nan,1000000
5099,-0.004533108789473772,1.0015698671340942,0.002713999999999994,0.477476,0.152193,0.154782,0.15246,4.246699333190918,0.475276,0.153627,0.156307,0.153898,4.07520866394043,nan,1000000
5199,-0.0021426526363939047,1.0000598430633545,0.0016699999999999493,0.476614,0.152572,0.155204,0.152845,4.328997611999512,0.475276,0.153627,0.156307,0.153898,4.07520866394043,nan,1000000
5299,-0.003080663736909628,1.001158595085144,0.0025880000000000347,0.477576,0.152695,0.155275,0.152963,4.306401252746582,0.475276,0.153627,0.156307,0.153898,4.07520866394043,nan,1000000
5399,-0.006292100064456463,0.998441755771637,0.003825999999999996,0.478841,0.15096,0.153566,0.151219,4.3808674812316895,0.475276,0.153627,0.156307,0.153898,4.07520866394043,nan,1000000
5499,0.0032516345381736755,0.9966709613800049,0.0029050000000000187,0.474582,0.153094,0.155779,0.153352,4.421885967254639,0.475276,0.153627,0.156307,0.153898,4.07520866394043,nan,1000000
5599,-0.005242990329861641,0.9996522665023804,0.002766000000000046,0.47767,0.151445,0.15408,0.151714,4.3922271728515625,0.475276,0.153627,0.156307,0.153898,4.07520866394043,nan,1000000
5699,-0.005257102660834789,0.9984299540519714,0.003534000000000037,0.478368,0.151255,0.153922,0.151529,4.423462867736816,0.475276,0.153627,0.156307,0.153898,4.07520866394043,nan,1000000
5799,-0.0033402980770915747,1.0001245737075806,0.002910999999999997,0.477871,0.152388,0.155022,0.152651,4.375881671905518,0.475276,0.153627,0.156307,0.153898,4.07520866394043,nan,1000000
5899,-0.004553723614662886,0.9972164034843445,0.003561999999999954,0.478165,0.151302,0.153953,0.151566,4.3256378173828125,0.475276,0.153627,0.156307,0.153898,4.07520866394043,nan,1000000
5999,-0.0064504509791731834,0.9997988939285278,0.00373100000000004,0.478504,0.151186,0.15384,0.151459,4.287846565246582,0.475276,0.153627,0.156307,0.153898,4.07520866394043,nan,1000000
6099,-0.004171652719378471,0.9997199177742004,0.003143000000000007,0.477846,0.151989,0.154585,0.152251,4.229787826538086,0.475276,0.153627,0.156307,0.153898,4.07520866394043,nan,1000000
6199,-0.00839198473840952,1.0018901824951172,0.0050400000000000444,0.479934,0.15176,0.154384,0.152017,4.204921245574951,0.475276,0.153627,0.156307,0.153898,4.07520866394043,nan,1000000
6299,-0.00648162979632616,1.003836989402771,0.003454999999999986,0.47831,0.15253,0.155219,0.152802,4.265257358551025,0.475276,0.153627,0.156307,0.153898,4.07520866394043,nan,1000000
6399,0.003815862350165844,1.0005054473876953,0.002693000000000001,0.473202,0.154327,0.157038,0.154623,4.317698955535889,0.475276,0.153627,0.156307,0.153898,4.07520866394043,nan,1000000
6499,-0.004701890982687473,1.001257300376892,0.0026119999999999477,0.477126,0.152486,0.15506,0.152718,4.343580722808838,0.475276,0.153627,0.156307,0.153898,4.07520866394043,nan,1000000
6599,-0.0022759390994906425,0.9988425374031067,0.0019000000000000128,0.476121,0.152423,0.155063,0.152651,4.422726631164551,0.475276,0.153627,0.156307,0.153898,4.07520866394043,nan,1000000
6699,-0.0012863392475992441,0.9993887543678284,0.0016360000000000818,0.476043,0.153104,0.155715,0.153337,4.468610763549805,0.475276,0.153627,0.156307,0.153898,4.07520866394043,nan,1000000
6799,0.0007832911796867847,0.9981802105903625,0.00167299999999998,0.475182,0.153132,0.155734,0.153387,4.412693500518799,0.475276,0.153627,0.156307,0.153898,4.07520866394043,nan,1000000
6899,-0.0037215149495750666,1.0002111196517944,0.002623000000000042,0.476695,0.152418,0.155054,0.152671,4.3870625495910645,0.475276,0.153627,0.156307,0.153898,4.07520866394043,nan,1000000
6999,-0.003868295345455408,1.0012978315353394,0.002491000000000021,0.476679,0.152624,0.155128,0.152878,4.345005989074707,0.475276,0.153627,0.156307,0.153898,4.07520866394043,nan,1000000
7099,-0.002333480166271329,0.9985228180885315,0.0021539999999999893,0.476408,0.152603,0.155199,0.152828,4.326262950897217,0.475276,0.153627,0.156307,0.153898,4.07520866394043,nan,1000000
7199,-0.0011886449065059423,0.9992258548736572,0.001591000000000009,0.475681,0.152942,0.155565,0.153181,4.336137294769287,0.475276,0.153627,0.156307,0.153898,4.07520866394043,nan,1000000
7299,-0.004417354706674814,0.9957807064056396,0.0031800000000000717,0.476476,0.15078,0.153487,0.151044,4.358548641204834,0.475276,0.153627,0.156307,0.153898,4.07520866394043,nan,1000000
7399,-0.0063404119573533535,0.999232828617096,0.003921000000000063,0.478542,0.151743,0.154369,0.152016,4.57390832901001,0.475276,0.153627,0.156307,0.153898,4.07520866394043,nan,1000000
7499,-0.003115103580057621,0.9985084533691406,0.0025640000000000107,0.477002,0.152189,0.154894,0.152467,4.656837463378906,0.475276,0.153627,0.156307,0.153898,4.07520866394043,nan,1000000
7599,-0.004436393268406391,1.0015697479248047,0.0027980000000000227,0.477793,0.152922,0.155554,0.153185,4.663446426391602,0.475276,0.153627,0.156307,0.153898,4.07520866394043,nan,1000000
7699,-0.0046429685316979885,0.9987824559211731,0.002942999999999918,0.477204,0.151722,0.154368,0.152037,4.577711582183838,0.475276,0.153627,0.156307,0.153898,4.07520866394043,nan,1000000
7799,-0.0016129773575812578,0.9981518387794495,0.00208800000000009,0.476422,0.152281,0.155021,0.15253,4.6312255859375,0.475276,0.153627,0.156307,0.153898,4.07520866394043,nan,1000000
7899,-0.0036196657456457615,1.0003783702850342,0.0025420000000000442,0.477535,0.152266,0.154877,0.152534,4.75064754486084,0.475276,0.153627,0.156307,0.153898,4.07520866394043,nan,1000000
7999,0.003899752162396908,0.9988974332809448,0.003048999999999996,0.474454,0.153806,0.15647,0.154076,4.720184803009033,0.475276,0.153627,0.156307,0.153898,4.07520866394043,nan,1000000
8099,-0.0038503222167491913,0.9971778988838196,0.003650000000000042,0.478834,0.152195,0.154827,0.152449,4.544048309326172,0.475276,0.153627,0.156307,0.153898,4.07520866394043,nan,1000000
8199,-0.008878503926098347,0.9991572499275208,0.0041520000000000445,0.47929,0.150816,0.153392,0.151054,4.358772277832031,0.475276,0.153627,0.156307,0.153898,4.07520866394043,nan,1000000
8299,0.0015616649761795998,0.998009979724884,0.002471000000000001,0.474809,0.153476,0.1562,0.153766,4.249570846557617,0.475276,0.153627,0.156307,0.153898,4.07520866394043,nan,1000000
8399,0.0005759969353675842,1.0011887550354004,0.0014309999999999878,0.475153,0.154164,0.156926,0.154444,4.148033618927002,0.475276,0.153627,0.156307,0.153898,4.07520866394043,nan,1000000
8499,0.000616768840700388,0.9972302317619324,0.0020739999999999925,0.475771,0.153285,0.155938,0.153546,4.131037712097168,0.475276,0.153627,0.156307,0.153898,4.07520866394043,nan,1000000
8599,-0.002554654609411955,0.9941461086273193,0.0027009999999999534,0.477014,0.151972,0.154659,0.152262,4.189856052398682,0.475276,0.153627,0.156307,0.153898,4.07520866394043,nan,1000000
8699,-0.00026999274268746376,0.997137725353241,0.001580999999999999,0.475702,0.153125,0.155827,0.153369,4.2077436447143555,0.475276,0.153627,0.156307,0.153898,4.07520866394043,nan,1000000
8799,0.001318750437349081,0.9978001713752747,0.0013110000000000066,0.474949,0.153542,0.156236,0.153791,4.194084167480469,0.475276,0.153627,0.156307,0.153898,4.07520866394043,nan,1000000
8899,-0.009862866252660751,1.0005264282226562,0.004385000000000028,0.478827,0.150917,0.153567,0.151157,4.130648136138916,0.475276,0.153627,0.156307,0.153898,4.07520866394043,nan,1000000
8999,-0.0026479531079530716,0.9960008859634399,0.0021140000000000603,0.476555,0.152127,0.154853,0.152354,4.116131782531738,0.475276,0.153627,0.156307,0.153898,4.07520866394043,nan,1000000
9099,-0.003949795849621296,0.9976932406425476,0.002291000000000043,0.476615,0.151801,0.154448,0.152061,4.191276550292969,0.475276,0.153627,0.156307,0.153898,4.07520866394043,nan,1000000
9199,-0.0007829247042536736,0.9968775510787964,0.0014330000000000176,0.475978,0.152946,0.155567,0.153195,4.6700053215026855,0.475276,0.153627,0.156307,0.153898,4.07520866394043,nan,1000000
9299,-0.0018919792491942644,1.00494384765625,0.001967000000000052,0.475943,0.154224,0.156871,0.154447,4.912973403930664,0.475276,0.153627,0.156307,0.153898,4.07520866394043,nan,1000000
9399,-0.006246555596590042,0.9999460577964783,0.003151000000000015,0.477681,0.151698,0.154321,0.151978,4.841201305389404,0.475276,0.153627,0.156307,0.153898,4.07520866394043,nan,1000000
9499,0.0016644727438688278,0.9994752407073975,0.0014819999999999833,0.475347,0.154236,0.156892,0.154493,4.893447399139404,0.475276,0.153627,0.156307,0.153898,4.07520866394043,nan,1000000
9599,0.0031623663380742073,0.9977502822875977,0.002475000000000005,0.474344,0.153716,0.156447,0.153995,4.932509422302246,0.475276,0.153627,0.156307,0.153898,4.07520866394043,nan,1000000
9699,0.0016491655260324478,0.9955931901931763,0.002249000000000001,0.474837,0.152735,0.155413,0.153011,4.972842693328857,0.475276,0.153627,0.156307,0.153898,4.07520866394043,nan,1000000
9799,-0.0030045625753700733,0.9976919293403625,0.00215700000000002,0.476636,0.151973,0.154797,0.152266,4.898692607879639,0.475276,0.153627,0.156307,0.153898,4.07520866394043,nan,1000000
9899,0.0025141891092061996,1.0000081062316895,0.0020740000000000203,0.474042,0.154277,0.156982,0.154539,4.849812984466553,0.475276,0.153627,0.156307,0.153898,4.07520866394043,nan,1000000
9999,0.000895598903298378,0.9958499670028687,0.0021140000000000048,0.47539,0.152906,0.155592,0.153154,4.824733734130859,0.475276,0.153627,0.156307,0.153898,4.07520866394043,nan,1000000
10099,0.0012380159460008144,0.9969663023948669,0.0021759999999999835,0.475346,0.153211,0.155936,0.153501,4.774195671081543,0.475276,0.153627,0.156307,0.153898,4.07520866394043,nan,1000000
10199,-0.004933205898851156,0.9998425245285034,0.0029579999999999607,0.477313,0.15222,0.154864,0.15251,4.721028804779053,0.475276,0.153627,0.156307,0.153898,4.07520866394043,nan,1000000
10299,-0.0005881339311599731,0.997167706489563,0.0017460000000000253,0.475925,0.152931,0.155618,0.153185,4.687184810638428,0.475276,0.153627,0.156307,0.153898,4.07520866394043,nan,1000000
10399,0.0008315700106322765,1.0001851320266724,0.0014500000000000068,0.47488,0.153934,0.156571,0.154224,4.660906791687012,0.475276,0.153627,0.156307,0.153898,4.07520866394043,nan,1000000
10499,-0.002120833843946457,1.0019333362579346,0.002342999999999984,0.47601,0.153787,0.156459,0.154054,4.653214454650879,0.475276,0.153627,0.156307,0.153898,4.07520866394043,nan,1000000
10599,-0.001723983557894826,1.0011792182922363,0.00211699999999998,0.475596,0.153771,0.156421,0.154012,4.651106834411621,0.475276,0.153627,0.156307,0.153898,4.07520866394043,nan,1000000
10699,-0.005458265542984009,0.9982512593269348,0.003760000000000041,0.478163,0.152142,0.154736,0.152422,4.671096324920654,0.475276,0.153627,0.156307,0.153898,4.07520866394043,nan,1000000
10799,0.0011533619835972786,0.9992936253547668,0.0013319999999999999,0.474431,0.154064,0.156751,0.154324,4.658658027648926,0.475276,0.153627,0.156307,0.153898,4.07520866394043,nan,1000000
10899,-0.004392923787236214,1.000959038734436,0.0032989999999999964,0.476891,0.15286,0.155475,0.153114,4.709949016571045,0.475276,0.153627,0.156307,0.153898,4.07520866394043,nan,1000000
10999,-0.0007978794164955616,1.0020090341567993,0.0023400000000000087,0.475888,0.154276,0.156919,0.154547,4.7584228515625,0.475276,0.153627,0.156307,0.153898,4.07520866394043,nan,1000000
11099,-0.002081730403006077,1.001400351524353,0.0024300000000000432,0.475881,0.15382,0.156466,0.154099,4.802479267120361,0.475276,0.153627,0.156307,0.153898,4.07520866394043,nan,1000000
11199,-0.0014950933400541544,0.9987518787384033,0.0024939999999999962,0.476418,0.153529,0.156171,0.153775,4.816895484924316,0.475276,0.153627,0.156307,0.153898,4.07520866394043,nan,1000000
11299,-0.0020319505129009485,0.9970259070396423,0.002499000000000029,0.477052,0.152957,0.155631,0.153213,4.843717098236084,0.475276,0.153627,0.156307,0.153898,4.07520866394043,nan,1000000
11399,-0.0037983932998031378,1.000691294670105,0.003263999999999989,0.477635,0.153395,0.156078,0.153657,4.834162712097168,0.475276,0.153627,0.156307,0.153898,4.07520866394043,nan,1000000
11499,0.0003089713864028454,0.9986571669578552,0.0011160000000000059,0.475504,0.153949,0.156559,0.154198,4.880012512207031,0.475276,0.153627,0.156307,0.153898,4.07520866394043,nan,1000000
11599,0.0011785449460148811,0.9980584979057312,0.0014490000000000058,0.474805,0.153714,0.156337,0.154012,4.880892276763916,0.475276,0.153627,0.156307,0.153898,4.07520866394043,nan,1000000
11699,-0.008596401661634445,1.0018914937973022,0.0039919999999999956,0.47855,0.151897,0.154618,0.152188,4.913266658782959,0.475276,0.153627,0.156307,0.153898,4.07520866394043,nan,1000000
11799,0.0003642854280769825,0.9996286630630493,0.001340999999999981,0.47547,0.153855,0.15655,0.154112,4.926756858825684,0.475276,0.153627,0.156307,0.153898,4.07520866394043,nan,1000000
11899,0.000855758786201477,0.9977710247039795,0.0014099999999999946,0.47506,0.153568,0.156199,0.153809,4.983177185058594,0.475276,0.153627,0.156307,0.153898,4.07520866394043,nan,1000000
11999,0.0027564330957829952,0.9977862238883972,0.00170300000000001,0.474135,0.154112,0.156799,0.154376,5.032271862030029,0.475276,0.153627,0.156307,0.153898,4.07520866394043,nan,1000000
12099,-0.00031326012685894966,0.9976021647453308,0.0012830000000000341,0.475176,0.152548,0.155196,0.152809,5.051052093505859,0.475276,0.153627,0.156307,0.153898,4.07520866394043,nan,1000000
12199,0.004533055238425732,0.9948097467422485,0.0027530000000000054,0.473352,0.153516,0.156129,0.153753,5.066718578338623,0.475276,0.153627,0.156307,0.153898,4.07520866394043,nan,1000000
12299,-0.002955168019980192,0.996669352054596,0.002275000000000027,0.476475,0.152172,0.154752,0.152422,4.944730758666992,0.475276,0.153627,0.156307,0.153898,4.07520866394043,nan,1000000
12399,-0.006224380806088448,1.001128911972046,0.00414500000000001,0.478253,0.152387,0.155041,0.152684,4.993037223815918,0.475276,0.153627,0.156307,0.153898,4.07520866394043,nan,1000000
12499,-0.0005510610062628984,0.9976199865341187,0.0010740000000000194,0.475165,0.152805,0.155468,0.153054,5.118444919586182,0.475276,0.153627,0.156307,0.153898,4.07520866394043,nan,1000000
12599,-0.0008764821104705334,0.9972553253173828,0.0016360000000000263,0.476089,0.15259,0.155262,0.152862,5.091538429260254,0.475276,0.153627,0.156307,0.153898,4.07520866394043,nan,1000000
12699,-0.00015383493155241013,0.9983111619949341,0.0021909999999999985,0.476612,0.153512,0.156114,0.153748,5.087639331817627,0.475276,0.153627,0.156307,0.153898,4.07520866394043,nan,1000000
12799,0.0020479331724345684,0.9942859411239624,0.0018549999999999955,0.474466,0.152564,0.155252,0.152832,5.088699817657471,0.475276,0.153627,0.156307,0.153898,4.07520866394043,nan,1000000
12899,0.0020685954950749874,0.9964205026626587,0.0014030000000000153,0.474571,0.15297,0.155623,0.15322,5.046069622039795,0.475276,0.153627,0.156307,0.153898,4.07520866394043,nan,1000000
12999,-0.0010246757883578539,0.9990283250808716,0.0012530000000000596,0.475835,0.152697,0.155244,0.152943,4.996145725250244,0.475276,0.153627,0.156307,0.153898,4.07520866394043,nan,1000000
13099,0.001735516358166933,0.9970500469207764,0.0018559999999999965,0.474268,0.152909,0.155585,0.153168,4.986788749694824,0.475276,0.153627,0.156307,0.153898,4.07520866394043,nan,1000000
13199,-0.010456960648298264,0.9984938502311707,0.005728000000000066,0.480237,0.150513,0.153061,0.150783,4.92385196685791,0.475276,0.153627,0.156307,0.153898,4.07520866394043,nan,1000000
13299,-0.005851977039128542,0.9999303221702576,0.0031970000000000054,0.47784,0.151973,0.154525,0.152242,4.837276935577393,0.475276,0.153627,0.156307,0.153898,4.07520866394043,nan,1000000
13399,0.0033914358355104923,0.9969123005867004,0.0021980000000000333,0.473784,0.153473,0.15611,0.153746,4.8303632736206055,0.475276,0.153627,0.156307,0.153898,4.07520866394043,nan,1000000
13499,-0.003748793387785554,1.0007843971252441,0.0025529999999999164,0.477277,0.152807,0.155397,0.153064,4.857726097106934,0.475276,0.153627,0.156307,0.153898,4.07520866394043,nan,1000000
13599,-0.005899251438677311,0.9970099329948425,0.0031290000000000484,0.47725,0.150885,0.15347,0.151147,4.872843265533447,0.475276,0.153627,0.156307,0.153898,4.07520866394043,nan,1000000
13699,-0.005519380327314138,0.9963012337684631,0.002998999999999974,0.477034,0.150886,0.153454,0.151156,4.884803771972656,0.475276,0.153627,0.156307,0.153898,4.07520866394043,nan,1000000
13799,0.0006469232030212879,0.994659960269928,0.00170300000000001,0.474416,0.152339,0.154944,0.152597,4.940037250518799,0.475276,0.153627,0.156307,0.153898,4.07520866394043,nan,1000000
13899,2.029910683631897e-05,0.9929897785186768,0.0018650000000000055,0.475456,0.151995,0.15466,0.152256,5.002100944519043,0.475276,0.153627,0.156307,0.153898,4.07520866394043,nan,1000000
13999,-0.00209422898478806,0.9995134472846985,0.0018449999999999855,0.475967,0.153067,0.1557,0.153339,5.023063659667969,0.475276,0.153627,0.156307,0.153898,4.07520866394043,nan,1000000
14099,-0.0031175552867352962,0.9950199723243713,0.002946000000000004,0.476978,0.151836,0.154426,0.152086,5.038536071777344,0.475276,0.153627,0.156307,0.153898,4.07520866394043,nan,1000000
14199,-0.002197151305153966,0.995485782623291,0.0020679999999999588,0.475687,0.151858,0.154519,0.152099,5.027744293212891,0.475276,0.153627,0.156307,0.153898,4.07520866394043,nan,1000000
14299,-0.004445517435669899,0.9984869360923767,0.0021980000000000333,0.476224,0.15187,0.154492,0.152124,5.080042362213135,0.475276,0.153627,0.156307,0.153898,4.07520866394043,nan,1000000
14399,-0.0022125914692878723,0.9976130723953247,0.0015100000000000113,0.475645,0.152618,0.155318,0.152879,5.049622535705566,0.475276,0.153627,0.156307,0.153898,4.07520866394043,nan,1000000
14499,0.0007755863480269909,0.996015191078186,0.0016049999999999953,0.475143,0.153445,0.156167,0.153733,5.028226852416992,0.475276,0.153627,0.156307,0.153898,4.07520866394043,nan,1000000
14599,-0.0011637585703283548,0.9940330982208252,0.0020059999999999523,0.47554,0.152008,0.15467,0.15225,5.060568332672119,0.475276,0.153627,0.156307,0.153898,4.07520866394043,nan,1000000
14699,-0.0005126656033098698,0.9988598227500916,0.0019730000000000025,0.475512,0.153494,0.156176,0.153739,5.069060802459717,0.475276,0.153627,0.156307,0.153898,4.07520866394043,nan,1000000
14799,-0.002974990988150239,0.9973733425140381,0.00218700000000005,0.475536,0.151727,0.154381,0.151987,5.064791202545166,0.475276,0.153627,0.156307,0.153898,4.07520866394043,nan,1000000
14899,-0.005217575468122959,0.9985203742980957,0.0032880000000000686,0.477434,0.151937,0.154545,0.152196,5.007393836975098,0.475276,0.153627,0.156307,0.153898,4.07520866394043,nan,1000000
14999,-0.0024051053915172815,0.9978946447372437,0.0025290000000000035,0.476786,0.152807,0.155375,0.15307,4.978140830993652,0.475276,0.153627,0.156307,0.153898,4.07520866394043,nan,1000000
15099,-0.008646448142826557,0.9982707500457764,0.004842000000000013,0.479161,0.151331,0.153895,0.15156,4.946150779724121,0.475276,0.153627,0.156307,0.153898,4.07520866394043,nan,1000000
15199,4.76534478366375e-05,0.9957147836685181,0.001801999999999998,0.475688,0.152766,0.15541,0.15302,4.838651657104492,0.475276,0.153627,0.156307,0.153898,4.07520866394043,nan,1000000
15299,-0.003293253481388092,0.9977962970733643,0.0023179999999999867,0.476439,0.15241,0.155094,0.152687,4.792518138885498,0.475276,0.153627,0.156307,0.153898,4.07520866394043,nan,1000000
15399,-0.006692222319543362,0.9969536662101746,0.004238000000000075,0.478671,0.151412,0.154141,0.151692,4.747840881347656,0.475276,0.153627,0.156307,0.153898,4.07520866394043,nan,1000000
15499,-0.0020512109622359276,0.9952443242073059,0.0024780000000000912,0.476764,0.152249,0.154924,0.152539,4.824057579040527,0.475276,0.153627,0.156307,0.153898,4.07520866394043,nan,1000000
15599,-0.0037380887661129236,0.9992574453353882,0.0028809999999999114,0.477368,0.152774,0.155457,0.153053,4.79355001449585,0.475276,0.153627,0.156307,0.153898,4.07520866394043,nan,1000000
15699,-0.0023246253840625286,0.9946763515472412,0.002705999999999986,0.476917,0.151896,0.154643,0.152181,4.784818649291992,0.475276,0.153627,0.156307,0.153898,4.07520866394043,nan,1000000
15799,0.0009494093246757984,0.9946228861808777,0.001912999999999998,0.475605,0.15273,0.155397,0.153007,4.802971363067627,0.475276,0.153627,0.156307,0.153898,4.07520866394043,nan,1000000
15899,-0.005952675361186266,0.9973928928375244,0.003166000000000002,0.477586,0.15118,0.153849,0.151457,4.756045341491699,0.475276,0.153627,0.156307,0.153898,4.07520866394043,nan,1000000
15999,-0.006677326746284962,0.9997170567512512,0.004179000000000044,0.478812,0.152149,0.154909,0.152429,4.749552249908447,0.475276,0.153627,0.156307,0.153898,4.07520866394043,nan,1000000
16099,-0.0020024965051561594,0.9968357086181641,0.0028719999999999857,0.477511,0.152921,0.155647,0.153173,4.683223724365234,0.475276,0.153627,0.156307,0.153898,4.07520866394043,nan,1000000
16199,-0.0036425923462957144,0.9948002099990845,0.0031889999999999974,0.477703,0.151591,0.154317,0.151855,4.563172340393066,0.475276,0.153627,0.156307,0.153898,4.07520866394043,nan,1000000
16299,-0.00333671597763896,0.9942269921302795,0.0029399999999999427,0.477497,0.151453,0.154044,0.151682,4.61329984664917,0.475276,0.153627,0.156307,0.153898,4.07520866394043,nan,1000000
16399,-0.009105496108531952,1.0018141269683838,0.004052999999999973,0.478769,0.151145,0.153732,0.151374,4.6184587478637695,0.475276,0.153627,0.156307,0.153898,4.07520866394043,nan,1000000
16499,-0.005221097730100155,0.998468816280365,0.0032959999999999656,0.478357,0.152057,0.154747,0.152343,4.660725116729736,0.475276,0.153627,0.156307,0.153898,4.07520866394043,nan,1000000
16599,-0.00021047471091151237,0.9986331462860107,0.0012399999999999911,0.475683,0.152677,0.155366,0.15293,4.577277660369873,0.475276,0.153627,0.156307,0.153898,4.07520866394043,nan,1000000
16699,0.0007202667184174061,0.9970943927764893,0.001563999999999982,0.47569,0.15282,0.155546,0.153096,4.51995325088501,0.475276,0.153627,0.156307,0.153898,4.07520866394043,nan,1000000
16799,-0.0038917961064726114,0.9960663318634033,0.002798000000000078,0.477291,0.151145,0.153752,0.15142,4.638476848602295,0.475276,0.153627,0.156307,0.153898,4.07520866394043,nan,1000000
16899,0.00026484765112400055,0.9983967542648315,0.0015819999999999723,0.475844,0.15307,0.155655,0.153318,4.6341352462768555,0.475276,0.153627,0.156307,0.153898,4.07520866394043,nan,1000000
16999,-0.0007358985021710396,1.0005372762680054,0.0012030000000000096,0.475722,0.15299,0.155579,0.153269,4.741458892822266,0.475276,0.153627,0.156307,0.153898,4.07520866394043,nan,1000000
17099,0.001527466345578432,0.9969644546508789,0.0013210000000000166,0.47551,0.15299,0.155604,0.15325,4.695843696594238,0.475276,0.153627,0.156307,0.153898,4.07520866394043,nan,1000000
17199,-4.711281508207321e-05,0.997065007686615,0.001507000000000036,0.476245,0.152503,0.155107,0.152775,4.6378045082092285,0.475276,0.153627,0.156307,0.153898,4.07520866394043,nan,1000000
17299,-0.004533157218247652,0.9975444078445435,0.0026680000000000037,0.477547,0.151433,0.153994,0.151693,4.614405632019043,0.475276,0.153627,0.156307,0.153898,4.07520866394043,nan,1000000
17399,-0.0002479963004589081,0.9994097948074341,0.0011559999999999904,0.475738,0.153098,0.155717,0.153356,4.487036228179932,0.475276,0.153627,0.156307,0.153898,4.07520866394043,nan,1000000
17499,-0.011769391596317291,0.9974014759063721,0.005857000000000001,0.480895,0.149191,0.151858,0.149448,4.491584300994873,0.475276,0.153627,0.156307,0.153898,4.07520866394043,nan,1000000
17599,-0.003472249722108245,0.9961732029914856,0.003043000000000018,0.477734,0.151175,0.153873,0.151419,4.491156578063965,0.475276,0.153627,0.156307,0.153898,4.07520866394043,nan,1000000
17699,5.965866148471832e-05,0.9988649487495422,0.0010139999999999594,0.475878,0.152857,0.1556,0.153106,4.375156402587891,0.475276,0.153627,0.156307,0.153898,4.07520866394043,nan,1000000
17799,-0.001232687383890152,0.9972020983695984,0.001838999999999924,0.476908,0.152447,0.155098,0.152696,4.343088150024414,0.475276,0.153627,0.156307,0.153898,4.07520866394043,nan,1000000
17899,-0.0034511126577854156,1.0008587837219238,0.0019660000000000233,0.477143,0.152444,0.155095,0.152696,4.274931907653809,0.475276,0.153627,0.156307,0.153898,4.07520866394043,nan,1000000
17999,-0.006761758588254452,0.9966832399368286,0.0038439999999999586,0.477696,0.150069,0.152693,0.150317,4.276779651641846,0.475276,0.153627,0.156307,0.153898,4.07520866394043,nan,1000000
18099,-0.0016579893417656422,0.99470454454422,0.002295000000000047,0.47668,0.151564,0.15421,0.151837,4.171109199523926,0.475276,0.153627,0.156307,0.153898,4.07520866394043,nan,1000000
18199,-0.007369029335677624,0.9958143830299377,0.004066000000000014,0.479014,0.150046,0.152708,0.150309,4.160205841064453,0.475276,0.153627,0.156307,0.153898,4.07520866394043,nan,1000000
18299,-0.0014213346876204014,0.9954177141189575,0.0021930000000000005,0.476167,0.151504,0.154235,0.151786,4.172276496887207,0.475276,0.153627,0.156307,0.153898,4.07520866394043,nan,1000000
18399,-0.00418119179084897,0.9972754120826721,0.0027910000000000434,0.477735,0.151733,0.154429,0.151993,4.1614089012146,0.475276,0.153627,0.156307,0.153898,4.07520866394043,nan,1000000
18499,-0.007437568157911301,0.9986988306045532,0.003962999999999994,0.47887,0.151022,0.153659,0.151291,4.149090766906738,0.475276,0.153627,0.156307,0.153898,4.07520866394043,nan,1000000
18599,-0.0024800600949674845,0.9980327486991882,0.002203000000000066,0.476539,0.151576,0.154289,0.151873,4.105170249938965,0.475276,0.153627,0.156307,0.153898,4.07520866394043,nan,1000000
18699,0.0007588779553771019,0.9925281405448914,0.0022980000000000222,0.475256,0.151473,0.15411,0.151748,4.068908214569092,0.475276,0.153627,0.156307,0.153898,4.07520866394043,nan,1000000
18799,-0.0036446591839194298,1.0002540349960327,0.0022130000000000205,0.477176,0.152248,0.154866,0.152498,4.077648639678955,0.475276,0.153627,0.156307,0.153898,4.07520866394043,nan,1000000
18899,-0.004711839836090803,0.9959587454795837,0.002929000000000015,0.477903,0.151123,0.153722,0.151394,4.044788837432861,0.475276,0.153627,0.156307,0.153898,4.07520866394043,nan,1000000
18999,0.002315044868737459,0.9964866042137146,0.0020010000000000028,0.475267,0.153086,0.155748,0.153349,4.0893049240112305,0.475276,0.153627,0.156307,0.153898,4.07520866394043,nan,1000000
19099,-0.008845577016472816,0.9929035305976868,0.005229999999999957,0.479554,0.148871,0.151491,0.149143,4.095314979553223,0.475276,0.153627,0.156307,0.153898,4.07520866394043,nan,1000000
19199,-0.000861939275637269,0.9942419528961182,0.0023170000000000135,0.476115,0.151469,0.154177,0.151769,4.113198280334473,0.475276,0.153627,0.156307,0.153898,4.07520866394043,nan,1000000
19299,-0.007596325129270554,0.9937520623207092,0.004537000000000013,0.479242,0.149762,0.152378,0.15003,4.130107879638672,0.475276,0.153627,0.156307,0.153898,4.07520866394043,nan,1000000
19399,-0.007659081369638443,0.9961990714073181,0.0038730000000000153,0.478751,0.150164,0.152812,0.150433,4.1248345375061035,0.475276,0.153627,0.156307,0.153898,4.07520866394043,nan,1000000
19499,-6.526429206132889e-05,0.9950219988822937,0.0018280000000000518,0.475832,0.151921,0.154605,0.152206,4.083047389984131,0.475276,0.153627,0.156307,0.153898,4.07520866394043,nan,1000000
19599,-0.012112966738641262,0.9971283078193665,0.005732999999999988,0.480537,0.149067,0.151742,0.149331,4.046238899230957,0.475276,0.153627,0.156307,0.153898,4.07520866394043,nan,1000000
19699,-0.0077941883355379105,1.000488042831421,0.003292000000000017,0.478337,0.151062,0.153714,0.151349,4.042084693908691,0.475276,0.153627,0.156307,0.153898,4.07520866394043,nan,1000000
19799,-0.01378179993480444,0.9974564909934998,0.006457999999999964,0.48133,0.148843,0.151462,0.149097,4.025093078613281,0.475276,0.153627,0.156307,0.153898,4.07520866394043,nan,1000000
19899,-0.0023773270659148693,0.9957369565963745,0.0025530000000000275,0.47588,0.151217,0.153867,0.151481,4.009843349456787,0.475276,0.153627,0.156307,0.153898,4.07520866394043,nan,1000000
19999,-0.005155912134796381,0.9943388104438782,0.0032839999999999536,0.478072,0.1506,0.153257,0.150854,4.024299144744873,0.475276,0.153627,0.156307,0.153898,4.07520866394043,nan,1000000
20099,-0.0073579237796366215,0.9982188940048218,0.003851000000000049,0.478791,0.150883,0.153595,0.151125,4.039527893066406,0.475276,0.153627,0.156307,0.153898,4.07520866394043,nan,1000000
20199,4.104478284716606e-05,0.9902071356773376,0.002931000000000017,0.476115,0.150882,0.153594,0.151139,4.028541088104248,0.475276,0.153627,0.156307,0.153898,4.07520866394043,nan,1000000
20299,0.001794260460883379,0.9941155910491943,0.0015350000000000016,0.475308,0.152878,0.155588,0.153139,4.059627056121826,0.475276,0.153627,0.156307,0.153898,4.07520866394043,nan,1000000
20399,-0.0036807770375162363,0.9968651533126831,0.0025650000000000395,0.477279,0.151657,0.154347,0.151919,4.07982063293457,0.475276,0.153627,0.156307,0.153898,4.07520866394043,nan,1000000
20499,-0.00576946372166276,0.996254563331604,0.0032480000000000286,0.477543,0.150663,0.153394,0.150938,4.072024345397949,0.475276,0.153627,0.156307,0.153898,4.07520866394043,nan,1000000
20599,-0.00611629243940115,0.9959454536437988,0.0034530000000000394,0.478122,0.150665,0.153358,0.15094,4.0970540046691895,0.475276,0.153627,0.156307,0.153898,4.07520866394043,nan,1000000
20699,-0.003627536352723837,0.9961605668067932,0.0026359999999999717,0.477598,0.152131,0.154751,0.152385,4.1026740074157715,0.475276,0.153627,0.156307,0.153898,4.07520866394043,nan,1000000
20799,-0.0028362805023789406,0.9996486902236938,0.001591000000000009,0.476646,0.152835,0.155495,0.153091,4.125903606414795,0.475276,0.153627,0.156307,0.153898,4.07520866394043,nan,1000000
20899,-0.0016228372696787119,0.99742591381073,0.0018880000000000008,0.476754,0.152597,0.155239,0.152858,4.1550679206848145,0.475276,0.153627,0.156307,0.153898,4.07520866394043,nan,1000000
20999,-0.0020248598884791136,0.9990072846412659,0.0012449999999999961,0.47625,0.152885,0.155585,0.153169,4.158908367156982,0.475276,0.153627,0.156307,0.153898,4.07520866394043,nan,1000000
21099,-0.006747477687895298,0.9969345927238464,0.0032839999999999536,0.478091,0.150647,0.153313,0.150885,4.143378257751465,0.475276,0.153627,0.156307,0.153898,4.07520866394043,nan,1000000
21199,-6.422679871320724e-05,0.9930554628372192,0.0018880000000000008,0.475946,0.151845,0.154497,0.152095,4.144830703735352,0.475276,0.153627,0.156307,0.153898,4.07520866394043,nan,1000000
21299,-0.004029824398458004,0.9941319823265076,0.0029759999999999787,0.477696,0.15092,0.153465,0.151176,4.154548168182373,0.475276,0.153627,0.156307,0.153898,4.07520866394043,nan,1000000
21399,-0.010631971061229706,0.9996810555458069,0.005105000000000026,0.480104,0.15049,0.153072,0.150782,4.145022392272949,0.475276,0.153627,0.156307,0.153898,4.07520866394043,nan,1000000
21499,-0.005013915244489908,0.9948726296424866,0.0031010000000000204,0.477633,0.150637,0.1533,0.150881,4.128893852233887,0.475276,0.153627,0.156307,0.153898,4.07520866394043,nan,1000000
21599,-0.0035221169237047434,0.9979839324951172,0.0022450000000000525,0.476879,0.15152,0.154164,0.151771,4.148046970367432,0.475276,0.153627,0.156307,0.153898,4.07520866394043,nan,1000000
21699,-0.0030136192217469215,0.9971842169761658,0.0019329999999999625,0.476671,0.151808,0.154516,0.152086,4.145280838012695,0.475276,0.153627,0.156307,0.153898,4.07520866394043,nan,1000000
21799,0.001358280424028635,0.9962663650512695,0.0014530000000000098,0.475461,0.153096,0.155754,0.153389,4.17064905166626,0.475276,0.153627,0.156307,0.153898,4.07520866394043,nan,1000000
21899,-0.0009308108128607273,0.9956272840499878,0.0019000000000000128,0.475647,0.151915,0.15451,0.152164,4.16293478012085,0.475276,0.153627,0.156307,0.153898,4.07520866394043,nan,1000000
21999,-0.0018039732240140438,0.9966839551925659,0.001542999999999961,0.475931,0.152267,0.154891,0.152523,4.16132116317749,0.475276,0.153627,0.156307,0.153898,4.07520866394043,nan,1000000
22099,0.00013768300414085388,0.9996019601821899,0.0010809999999999986,0.474937,0.153341,0.156028,0.153609,4.165679931640625,0.475276,0.153627,0.156307,0.153898,4.07520866394043,nan,1000000
22199,-0.005959649570286274,0.9982511401176453,0.003764000000000045,0.478752,0.151914,0.154616,0.152188,4.1685967445373535,0.475276,0.153627,0.156307,0.153898,4.07520866394043,nan,1000000
22299,-0.0015672582667320967,0.9977707266807556,0.00149100000000002,0.4764,0.152628,0.155279,0.152887,4.180527687072754,0.475276,0.153627,0.156307,0.153898,4.07520866394043,nan,1000000
22399,0.001090360339730978,0.9941239356994629,0.0019939999999999958,0.474894,0.152516,0.155241,0.152789,4.1726531982421875,0.475276,0.153627,0.156307,0.153898,4.07520866394043,nan,1000000
22499,-0.00927818939089775,0.9974560141563416,0.004254000000000091,0.479006,0.150458,0.153137,0.150722,4.180197238922119,0.475276,0.153627,0.156307,0.153898,4.07520866394043,nan,1000000
22599,-0.0010350416414439678,0.9976304173469543,0.0012929999999999886,0.476082,0.152905,0.155596,0.153166,4.182123184204102,0.475276,0.153627,0.156307,0.153898,4.07520866394043,nan,1000000
22699,-0.0001958492211997509,0.994900107383728,0.001591000000000009,0.475651,0.152293,0.154988,0.152563,4.191567420959473,0.475276,0.153627,0.156307,0.153898,4.07520866394043,nan,1000000
22799,0.0020242887549102306,0.996326208114624,0.0020689999999999875,0.474708,0.153492,0.156204,0.153766,4.18983793258667,0.475276,0.153627,0.156307,0.153898,4.07520866394043,nan,1000000
22899,-0.0037655022460967302,0.9969895482063293,0.0022809999999999775,0.476963,0.151804,0.154514,0.152068,4.179317951202393,0.475276,0.153627,0.156307,0.153898,4.07520866394043,nan,1000000
22999,-0.0032185204327106476,0.9963467717170715,0.002099000000000073,0.476875,0.151867,0.154589,0.152131,4.151159286499023,0.475276,0.153627,0.156307,0.153898,4.07520866394043,nan,1000000
23099,-0.005478025414049625,0.9960238337516785,0.0029599999999999627,0.477719,0.151017,0.153681,0.151294,4.156713962554932,0.475276,0.153627,0.156307,0.153898,4.07520866394043,nan,1000000
23199,-0.005310367792844772,0.9958747029304504,0.003323000000000076,0.478007,0.150908,0.153529,0.151147,4.172101020812988,0.475276,0.153627,0.156307,0.153898,4.07520866394043,nan,1000000
23299,-0.0008617676794528961,0.9952543377876282,0.0019440000000000568,0.475574,0.151887,0.154626,0.152167,4.158645153045654,0.475276,0.153627,0.156307,0.153898,4.07520866394043,nan,1000000
23399,-0.0030375909991562366,0.9943013787269592,0.0027279999999999527,0.476489,0.151041,0.153741,0.151321,4.1278977394104,0.475276,0.153627,0.156307,0.153898,4.07520866394043,nan,1000000
23499,-0.0019001669716089964,0.9934890866279602,0.0025199999999999667,0.476189,0.151304,0.153919,0.151565,4.134130954742432,0.475276,0.153627,0.156307,0.153898,4.07520866394043,nan,1000000
23599,-0.008771351538598537,0.9972358345985413,0.004403000000000046,0.479058,0.150307,0.152889,0.150551,4.122039794921875,0.475276,0.153627,0.156307,0.153898,4.07520866394043,nan,1000000
23699,-0.003122220980003476,0.996099054813385,0.002742000000000022,0.475544,0.151089,0.153618,0.151375,4.090517997741699,0.475276,0.153627,0.156307,0.153898,4.07520866394043,nan,1000000
23799,-0.0037712818011641502,0.9941978454589844,0.003187000000000051,0.476926,0.150675,0.153269,0.150918,4.09544038772583,0.475276,0.153627,0.156307,0.153898,4.07520866394043,nan,1000000
23899,-0.0019185838755220175,0.998757004737854,0.0014700000000000824,0.475926,0.152401,0.155073,0.152679,4.080132961273193,0.475276,0.153627,0.156307,0.153898,4.07520866394043,nan,1000000
23999,-0.008568087592720985,0.9991101026535034,0.00392899999999996,0.478657,0.150487,0.153135,0.150771,4.100266456604004,0.475276,0.153627,0.156307,0.153898,4.07520866394043,nan,1000000
24099,-0.007811543997377157,0.9961634278297424,0.003478000000000092,0.478191,0.150364,0.153042,0.150634,4.044093132019043,0.475276,0.153627,0.156307,0.153898,4.07520866394043,nan,1000000
24199,-0.004995439667254686,0.9994393587112427,0.0021679999999999477,0.476638,0.151601,0.154277,0.151884,4.056527137756348,0.475276,0.153627,0.156307,0.153898,4.07520866394043,nan,1000000
24299,-0.007331963628530502,0.9940417408943176,0.0046840000000000215,0.479185,0.150045,0.152741,0.150278,4.052460193634033,0.475276,0.153627,0.156307,0.153898,4.07520866394043,nan,1000000
24399,0.003225069958716631,0.9944071769714355,0.002581,0.474079,0.152942,0.155597,0.153209,4.058795928955078,0.475276,0.153627,0.156307,0.153898,4.07520866394043,nan,1000000
24499,0.0009032185189425945,0.9972688555717468,0.001811000000000007,0.474787,0.152672,0.155348,0.152953,4.04522180557251,0.475276,0.153627,0.156307,0.153898,4.07520866394043,nan,1000000
24599,5.2984338253736496e-05,0.9940472841262817,0.0021619999999999973,0.475304,0.151678,0.154404,0.151959,4.0376996994018555,0.475276,0.153627,0.156307,0.153898,4.07520866394043,nan,1000000
24699,-0.00010729534551501274,0.9975273013114929,0.0012360000000000149,0.47584,0.152651,0.155371,0.152922,4.052070617675781,0.475276,0.153627,0.156307,0.153898,4.07520866394043,nan,1000000
24799,-0.0035753112751990557,0.9975916147232056,0.0022780000000000022,0.476944,0.151688,0.154382,0.151947,4.024079322814941,0.475276,0.153627,0.156307,0.153898,4.07520866394043,nan,1000000
24899,-0.00028905575163662434,0.9949141144752502,0.0018500000000000183,0.47557,0.15199,0.154673,0.152271,4.00787353515625,0.475276,0.153627,0.156307,0.153898,4.07520866394043,nan,1000000
24999,-0.004043007735162973,0.9966120719909668,0.0026559999999999917,0.476935,0.151062,0.153737,0.151325,4.0243964195251465,0.475276,0.153627,0.156307,0.153898,4.07520866394043,nan,1000000
25099,-0.00639644730836153,0.9995000958442688,0.0029479999999999507,0.477107,0.150823,0.153483,0.151078,4.002713203430176,0.475276,0.153627,0.156307,0.153898,4.07520866394043,nan,1000000
25199,-0.001675229985266924,0.9962077736854553,0.001883000000000079,0.476481,0.151837,0.154533,0.152107,3.9734411239624023,0.475276,0.153627,0.156307,0.153898,4.07520866394043,nan,1000000
25299,0.0007370091043412685,0.9956707954406738,0.0015939999999999843,0.475485,0.152511,0.155226,0.152779,3.961582660675049,0.475276,0.153627,0.156307,0.153898,4.07520866394043,nan,1000000
25399,-0.002089145127683878,0.9981981515884399,0.0015579999999999483,0.476092,0.15231,0.154962,0.152562,3.974308490753174,0.475276,0.153627,0.156307,0.153898,4.07520866394043,nan,1000000
25499,-0.0012003346346318722,0.9976525902748108,0.0015760000000000218,0.475935,0.152282,0.155038,0.152534,3.9097900390625,0.475276,0.153627,0.156307,0.153898,4.07520866394043,nan,1000000
25599,0.005131896585226059,0.9943670630455017,0.0029780000000000084,0.473612,0.153379,0.156025,0.153624,3.8695664405822754,0.475276,0.153627,0.156307,0.153898,4.07520866394043,nan,1000000
25699,-0.002871923381462693,0.9981541037559509,0.001947000000000032,0.476143,0.151869,0.154586,0.152159,3.8483057022094727,0.475276,0.153627,0.156307,0.153898,4.07520866394043,nan,1000000
25799,0.004289600998163223,0.9972339868545532,0.0026550000000000185,0.474129,0.153818,0.156534,0.154096,3.8626105785369873,0.475276,0.153627,0.156307,0.153898,4.07520866394043,nan,1000000
25899,-0.0031014992855489254,0.9972048401832581,0.0021400000000000308,0.476272,0.151753,0.154492,0.152038,3.8165431022644043,0.475276,0.153627,0.156307,0.153898,4.07520866394043,nan,1000000
25999,-0.0024659393820911646,0.9986151456832886,0.0014720000000000288,0.476442,0.152633,0.155307,0.152901,3.7944741249084473,0.475276,0.153627,0.156307,0.153898,4.07520866394043,nan,1000000
26099,-0.0005609418731182814,0.9990026354789734,0.001519000000000048,0.47467,0.152601,0.155312,0.152854,3.774996519088745,0.475276,0.153627,0.156307,0.153898,4.07520866394043,nan,1000000
26199,-0.0012864319141954184,0.9965165853500366,0.0017889999999999295,0.476521,0.152639,0.155251,0.152916,3.7695133686065674,0.475276,0.153627,0.156307,0.153898,4.07520866394043,nan,1000000
26299,-0.00532743101939559,1.0008622407913208,0.0020959999999999868,0.476912,0.152299,0.155015,0.152588,3.771512031555176,0.475276,0.153627,0.156307,0.153898,4.07520866394043,nan,1000000
26399,-0.003975392319262028,0.9981277585029602,0.0033560000000000256,0.478089,0.152582,0.155243,0.152839,3.7828378677368164,0.475276,0.153627,0.156307,0.153898,4.07520866394043,nan,1000000
26499,0.004047727212309837,0.995124340057373,0.002593000000000012,0.473695,0.153726,0.156388,0.153986,3.7567999362945557,0.475276,0.153627,0.156307,0.153898,4.07520866394043,nan,1000000
26599,0.001883375458419323,1.0011447668075562,0.0018289999999999695,0.474112,0.154263,0.157013,0.154533,3.752591371536255,0.475276,0.153627,0.156307,0.153898,4.07520866394043,nan,1000000
26699,-0.0014363329391926527,1.0001897811889648,0.001076000000000077,0.475749,0.153149,0.155778,0.153407,3.743053436279297,0.475276,0.153627,0.156307,0.153898,4.07520866394043,nan,1000000
26799,-0.006550351157784462,0.9985727667808533,0.0029050000000000464,0.477722,0.151667,0.154262,0.151933,3.726823329925537,0.475276,0.153627,0.156307,0.153898,4.07520866394043,nan,1000000
26899,-0.0014594681560993195,1.0050610303878784,0.0018970000000000098,0.475456,0.154452,0.157127,0.154719,3.7491793632507324,0.475276,0.153627,0.156307,0.153898,4.07520866394043,nan,1000000
26999,-0.002415682654827833,0.998875617980957,0.001731000000000038,0.476647,0.152737,0.15535,0.152986,3.752511739730835,0.475276,0.153627,0.156307,0.153898,4.07520866394043,nan,1000000
27099,0.0019910638220608234,0.9963927268981934,0.0019229999999999803,0.475146,0.15357,0.156277,0.15385,3.7363576889038086,0.475276,0.153627,0.156307,0.153898,4.07520866394043,nan,1000000
27199,-0.0036423017736524343,0.9983144998550415,0.0022640000000000438,0.476504,0.151981,0.154625,0.152242,3.702368974685669,0.475276,0.153627,0.156307,0.153898,4.07520866394043,nan,1000000
27299,-0.00010139495134353638,1.0022586584091187,0.0010320000000000051,0.475887,0.153978,0.156653,0.154246,3.735050678253174,0.475276,0.153627,0.156307,0.153898,4.07520866394043,nan,1000000
27399,-0.00015427591279149055,0.9953266382217407,0.0016120000000000023,0.47605,0.152652,0.155357,0.15291,3.702063798904419,0.475276,0.153627,0.156307,0.153898,4.07520866394043,nan,1000000
27499,-0.006922374479472637,0.998828113079071,0.0030959999999999877,0.47789,0.1512,0.153911,0.151458,3.712722063064575,0.475276,0.153627,0.156307,0.153898,4.07520866394043,nan,1000000
27599,-0.0015483829192817211,0.9988194108009338,0.0011649999999999716,0.475632,0.152851,0.155547,0.153108,3.7221596240997314,0.475276,0.153627,0.156307,0.153898,4.07520866394043,nan,1000000
27699,-0.0013742621522396803,0.9955922365188599,0.001882999999999968,0.476447,0.152044,0.154743,0.152325,3.7559893131256104,0.475276,0.153627,0.156307,0.153898,4.07520866394043,nan,1000000
27799,0.0009179241023957729,0.9975244402885437,0.0017920000000000158,0.474592,0.152869,0.155665,0.153148,3.7824268341064453,0.475276,0.153627,0.156307,0.153898,4.07520866394043,nan,1000000
27899,-0.003677014959976077,0.9999184012413025,0.001562999999999981,0.476228,0.152332,0.154971,0.152601,3.8082494735717773,0.475276,0.153627,0.156307,0.153898,4.07520866394043,nan,1000000
27999,0.0023852349258959293,0.9986053109169006,0.0018970000000000098,0.47442,0.153851,0.15653,0.154133,3.8366377353668213,0.475276,0.153627,0.156307,0.153898,4.07520866394043,nan,1000000
28099,-0.0029176357202231884,1.0004936456680298,0.0015020000000000033,0.476224,0.152806,0.155443,0.153034,3.8114514350891113,0.475276,0.153627,0.156307,0.153898,4.07520866394043,nan,1000000
28199,-0.0007742729503661394,0.997450590133667,0.0017530000000000046,0.476609,0.153033,0.155677,0.153285,3.822357177734375,0.475276,0.153627,0.156307,0.153898,4.07520866394043,nan,1000000
28299,-0.007332321722060442,1.0002166032791138,0.0040020000000000056,0.478695,0.151987,0.154461,0.15223,3.7962567806243896,0.475276,0.153627,0.156307,0.153898,4.07520866394043,nan,1000000
28399,-0.008972435258328915,1.0007078647613525,0.0037739999999999996,0.478538,0.150896,0.153593,0.151173,3.8013992309570312,0.475276,0.153627,0.156307,0.153898,4.07520866394043,nan,1000000
28499,-0.0016073270235210657,0.997468888759613,0.0016289999999999916,0.476279,0.152224,0.154816,0.152474,3.814220905303955,0.475276,0.153627,0.156307,0.153898,4.07520866394043,nan,1000000
28599,0.0008262209594249725,0.9981159567832947,0.0015110000000000123,0.475277,0.153242,0.155815,0.153505,3.837830066680908,0.475276,0.153627,0.156307,0.153898,4.07520866394043,nan,1000000
28699,-0.003224408719688654,0.9951252341270447,0.0024600000000000177,0.476799,0.151413,0.154064,0.151682,3.862628936767578,0.475276,0.153627,0.156307,0.153898,4.07520866394043,nan,1000000
28799,0.005382003262639046,0.9977289438247681,0.002605999999999997,0.473831,0.154453,0.157111,0.154696,3.927790403366089,0.475276,0.153627,0.156307,0.153898,4.07520866394043,nan,1000000
28899,0.004110740497708321,0.997752845287323,0.0026339999999999975,0.473829,0.153789,0.156418,0.15407,3.918975353240967,0.475276,0.153627,0.156307,0.153898,4.07520866394043,nan,1000000
28999,-0.0030777589417994022,0.9973840117454529,0.0024540000000000672,0.475767,0.1513,0.15393,0.151566,3.9287309646606445,0.475276,0.153627,0.156307,0.153898,4.07520866394043,nan,1000000
29099,0.0004700552672147751,0.9965560436248779,0.0018559999999999965,0.47454,0.152649,0.15528,0.152896,3.9412217140197754,0.475276,0.153627,0.156307,0.153898,4.07520866394043,nan,1000000
29199,0.0005048355087637901,0.9959114193916321,0.0017309999999999826,0.475412,0.152626,0.155259,0.152889,3.9966485500335693,0.475276,0.153627,0.156307,0.153898,4.07520866394043,nan,1000000
29299,-0.0030377833172678947,0.9957939386367798,0.002942,0.477478,0.151726,0.154274,0.151973,4.047293663024902,0.475276,0.153627,0.156307,0.153898,4.07520866394043,nan,1000000
29399,0.004678823985159397,0.9938896894454956,0.0032979999999999954,0.474035,0.15318,0.155878,0.153444,4.0597710609436035,0.475276,0.153627,0.156307,0.153898,4.07520866394043,nan,1000000
29499,0.0017914539203047752,0.9961310029029846,0.0016249999999999876,0.475647,0.153593,0.156233,0.153865,4.064486503601074,0.475276,0.153627,0.156307,0.153898,4.07520866394043,nan,1000000
29599,-0.0007063003722578287,0.9998012781143188,0.0010909999999999948,0.47564,0.153196,0.155804,0.15345,4.062070846557617,0.475276,0.153627,0.156307,0.153898,4.07520866394043,nan,1000000
29699,-0.0017854031175374985,1.000948429107666,0.002055000000000029,0.476385,0.15338,0.155955,0.153657,4.088109016418457,0.475276,0.153627,0.156307,0.153898,4.07520866394043,nan,1000000
29799,-0.011377541348338127,0.9965927004814148,0.005527999999999977,0.480503,0.149388,0.152078,0.149664,4.088434219360352,0.475276,0.153627,0.156307,0.153898,4.07520866394043,nan,1000000
29899,0.0009360043331980705,0.9996830821037292,0.001693,0.475356,0.153472,0.156067,0.153712,4.084913730621338,0.475276,0.153627,0.156307,0.153898,4.07520866394043,nan,1000000
29999,0.0002930629998445511,0.9980973601341248,0.00148100000000001,0.476156,0.153313,0.15594,0.153575,4.074276924133301,0.475276,0.153627,0.156307,0.153898,4.07520866394043,nan,1000000
30099,0.0009318822994828224,0.9970498085021973,0.0017640000000000156,0.475373,0.153086,0.155717,0.153329,4.070461273193359,0.475276,0.153627,0.156307,0.153898,4.07520866394043,nan,1000000
30199,-0.002422184217721224,0.9956833720207214,0.001970999999999945,0.476862,0.151772,0.154372,0.15203,4.057642936706543,0.475276,0.153627,0.156307,0.153898,4.07520866394043,nan,1000000
30299,-0.0032324723433703184,0.9953930974006653,0.002342999999999984,0.477185,0.151455,0.154179,0.151727,4.049997806549072,0.475276,0.153627,0.156307,0.153898,4.07520866394043,nan,1000000
30399,-0.000762066338211298,0.9995844960212708,0.0020120000000000138,0.476834,0.153293,0.155876,0.153546,4.038430690765381,0.475276,0.153627,0.156307,0.153898,4.07520866394043,nan,1000000
30499,-0.0027649900875985622,0.9998087882995605,0.0022609999999999575,0.476661,0.152728,0.155336,0.152984,4.004012107849121,0.475276,0.153627,0.156307,0.153898,4.07520866394043,nan,1000000
30599,-0.004970856476575136,0.9988331198692322,0.0025900000000000367,0.477457,0.151709,0.154322,0.151964,4.010714530944824,0.475276,0.153627,0.156307,0.153898,4.07520866394043,nan,1000000
30699,0.000795390922576189,0.9946088194847107,0.0017359999999999876,0.475253,0.152204,0.154988,0.152491,3.9998412132263184,0.475276,0.153627,0.156307,0.153898,4.07520866394043,nan,1000000
30799,-0.0022750110365450382,0.994086503982544,0.0027559999999999807,0.476182,0.150945,0.153667,0.151215,3.9851436614990234,0.475276,0.153627,0.156307,0.153898,4.07520866394043,nan,1000000
30899,-0.00012527545914053917,0.9965571165084839,0.0018460000000000143,0.47566,0.152549,0.155218,0.152805,3.9946749210357666,0.475276,0.153627,0.156307,0.153898,4.07520866394043,nan,1000000
30999,-0.006672088988125324,0.9985262155532837,0.003122999999999987,0.477953,0.151412,0.153997,0.151659,3.9935708045959473,0.475276,0.153627,0.156307,0.153898,4.07520866394043,nan,1000000
31099,-0.00014592520892620087,0.9969893097877502,0.0013150000000000106,0.475628,0.15287,0.155621,0.153139,4.012235164642334,0.475276,0.153627,0.156307,0.153898,4.07520866394043,nan,1000000
31199,0.004214232787489891,0.9946902990341187,0.0025570000000000037,0.47412,0.153577,0.156249,0.153829,4.043827533721924,0.475276,0.153627,0.156307,0.153898,4.07520866394043,nan,1000000
31299,-0.00501644890755415,0.9981482028961182,0.0024700000000000832,0.476677,0.151507,0.154216,0.151771,3.994138479232788,0.475276,0.153627,0.156307,0.153898,4.07520866394043,nan,1000000
31399,-0.003571852343156934,0.9949696660041809,0.0024930000000000785,0.476856,0.151479,0.154108,0.151749,3.9397411346435547,0.475276,0.153627,0.156307,0.153898,4.07520866394043,nan,1000000
31499,0.0015102927573025227,0.9961918592453003,0.001476000000000005,0.474093,0.152955,0.155664,0.15322,3.9076807498931885,0.475276,0.153627,0.156307,0.153898,4.07520866394043,nan,1000000
31599,-0.006432643160223961,0.9997859001159668,0.003082000000000029,0.477818,0.151686,0.154389,0.151964,3.9086689949035645,0.475276,0.153627,0.156307,0.153898,4.07520866394043,nan,1000000
31699,0.0005922624841332436,0.9962379336357117,0.0014290000000000136,0.47547,0.152974,0.155591,0.15324,3.8818459510803223,0.475276,0.153627,0.156307,0.153898,4.07520866394043,nan,1000000
31799,-0.0016831292305141687,0.9957156181335449,0.0019259999999999833,0.475663,0.15208,0.154636,0.152328,3.8446552753448486,0.475276,0.153627,0.156307,0.153898,4.07520866394043,nan,1000000
31899,-0.0009409771300852299,0.9997919797897339,0.0012950000000000461,0.475386,0.153445,0.156094,0.153726,3.8676917552948,0.475276,0.153627,0.156307,0.153898,4.07520866394043,nan,1000000
31999,-0.0011536928359419107,0.9970738291740417,0.001471,0.475681,0.153113,0.155863,0.153379,3.8616058826446533,0.475276,0.153627,0.156307,0.153898,4.07520866394043,nan,1000000
32099,-0.006513334810733795,0.9987104535102844,0.0030850000000000044,0.477131,0.151394,0.154076,0.151639,3.878592014312744,0.475276,0.153627,0.156307,0.153898,4.07520866394043,nan,1000000
32199,-0.0059757842682302,0.9999727010726929,0.0032010000000000094,0.477276,0.152345,0.155,0.15261,3.8166072368621826,0.475276,0.153627,0.156307,0.153898,4.07520866394043,nan,1000000
32299,0.0011454480700194836,0.9954370856285095,0.001336999999999977,0.474346,0.153121,0.155733,0.153369,3.8498895168304443,0.475276,0.153627,0.156307,0.153898,4.07520866394043,nan,1000000
32399,0.0007946300320327282,0.996489405632019,0.0012179999999999969,0.474441,0.152836,0.155535,0.1531,3.843613624572754,0.475276,0.153627,0.156307,0.153898,4.07520866394043,nan,1000000
32499,-0.0016678445972502232,0.9971581697463989,0.0017500000000000293,0.475355,0.152303,0.154969,0.152556,3.8740954399108887,0.475276,0.153627,0.156307,0.153898,4.07520866394043,nan,1000000
32599,0.0022968403063714504,0.9961358904838562,0.001482000000000011,0.474409,0.15351,0.156216,0.153786,3.885557174682617,0.475276,0.153627,0.156307,0.153898,4.07520866394043,nan,1000000
32699,-0.0015658880583941936,0.996371328830719,0.0016759999999998998,0.475234,0.152294,0.154977,0.152556,3.918009042739868,0.475276,0.153627,0.156307,0.153898,4.07520866394043,nan,1000000
32799,-0.0008746299427002668,0.9958480000495911,0.001634999999999942,0.474887,0.152304,0.154962,0.152568,3.984199047088623,0.475276,0.153627,0.156307,0.153898,4.07520866394043,nan,1000000
32899,-0.002060050843283534,0.9984895586967468,0.0016740000000000088,0.475642,0.152784,0.155525,0.153057,3.951066493988037,0.475276,0.153627,0.156307,0.153898,4.07520866394043,nan,1000000
32999,-0.0036925047170370817,0.996148407459259,0.0024940000000001072,0.476162,0.151638,0.154277,0.151922,3.8915772438049316,0.475276,0.153627,0.156307,0.153898,4.07520866394043,nan,1000000
33099,0.0049366578459739685,0.9954338073730469,0.002921000000000007,0.47266,0.153927,0.156555,0.154201,3.9042680263519287,0.475276,0.153627,0.156307,0.153898,4.07520866394043,nan,1000000
33199,-0.00030839373357594013,0.9982481002807617,0.0010430000000000161,0.474639,0.152969,0.15564,0.153251,3.932363271713257,0.475276,0.153627,0.156307,0.153898,4.07520866394043,nan,1000000
33299,0.000529545359313488,0.9937195777893066,0.0017629999999999868,0.475028,0.15246,0.155147,0.152708,3.8730719089508057,0.475276,0.153627,0.156307,0.153898,4.07520866394043,nan,1000000
33399,0.0033712689764797688,0.9952597618103027,0.0024949999999999972,0.473698,0.153457,0.156151,0.153718,3.846203088760376,0.475276,0.153627,0.156307,0.153898,4.07520866394043,nan,1000000
33499,-0.009978527203202248,1.0013666152954102,0.004562999999999984,0.478992,0.151565,0.154239,0.151824,3.8149328231811523,0.475276,0.153627,0.156307,0.153898,4.07520866394043,nan,1000000
33599,-0.006168114487081766,0.9992636442184448,0.003179000000000043,0.477459,0.151699,0.154341,0.151958,3.828730821609497,0.475276,0.153627,0.156307,0.153898,4.07520866394043,nan,1000000
33699,-0.010793611407279968,0.9998457431793213,0.004630000000000023,0.479417,0.150949,0.153598,0.151231,3.8203611373901367,0.475276,0.153627,0.156307,0.153898,4.07520866394043,nan,1000000
33799,0.0002045794390141964,0.9966408014297485,0.0012790000000000024,0.47509,0.153216,0.155856,0.153457,3.855604410171509,0.475276,0.153627,0.156307,0.153898,4.07520866394043,nan,1000000
33899,-0.003162586595863104,0.998196005821228,0.002092000000000094,0.476326,0.152391,0.15503,0.152646,3.943898916244507,0.475276,0.153627,0.156307,0.153898,4.07520866394043,nan,1000000
33999,-0.003763081505894661,0.9988697171211243,0.002751000000000059,0.476888,0.152345,0.154996,0.152603,3.952519655227661,0.475276,0.153627,0.156307,0.153898,4.07520866394043,nan,1000000
34099,-0.008517418056726456,1.0033828020095825,0.004722000000000004,0.478458,0.152243,0.154839,0.152497,3.9536683559417725,0.475276,0.153627,0.156307,0.153898,4.07520866394043,nan,1000000
34199,0.0013696122914552689,0.9960107803344727,0.0013869999999999993,0.475044,0.153314,0.155957,0.15357,3.924407482147217,0.475276,0.153627,0.156307,0.153898,4.07520866394043,nan,1000000
34299,-0.0034836516715586185,0.9990901947021484,0.0018520000000000203,0.476082,0.15251,0.15523,0.152801,3.8862669467926025,0.475276,0.153627,0.156307,0.153898,4.07520866394043,nan,1000000
34399,0.004077743738889694,0.9996001720428467,0.002055000000000029,0.474275,0.155095,0.15777,0.155357,3.9228224754333496,0.475276,0.153627,0.156307,0.153898,4.07520866394043,nan,1000000
34499,-0.0005885562859475613,0.9960939288139343,0.001475000000000004,0.476127,0.152816,0.155489,0.153074,3.899371862411499,0.475276,0.153627,0.156307,0.153898,4.07520866394043,nan,1000000
34599,-0.0006619321648031473,0.9949654340744019,0.0016680000000000028,0.47548,0.152181,0.154848,0.152444,3.897573232650757,0.475276,0.153627,0.156307,0.153898,4.07520866394043,nan,1000000
34699,0.004253793507814407,1.000468373298645,0.002223000000000086,0.473857,0.155076,0.157759,0.155342,3.9288523197174072,0.475276,0.153627,0.156307,0.153898,4.07520866394043,nan,1000000
34799,0.003893825225532055,0.9996995329856873,0.0018980000000000108,0.473975,0.154489,0.15715,0.154766,3.9519529342651367,0.475276,0.153627,0.156307,0.153898,4.07520866394043,nan,1000000
34899,-0.0026400000788271427,0.9996078014373779,0.001607000000000025,0.47641,0.152874,0.155448,0.153142,3.9244160652160645,0.475276,0.153627,0.156307,0.153898,4.07520866394043,nan,1000000
34999,-0.0010056768078356981,0.9920886754989624,0.002666000000000057,0.475864,0.151359,0.153958,0.151615,3.979653835296631,0.475276,0.153627,0.156307,0.153898,4.07520866394043,nan,1000000
35099,-0.005261979531496763,0.9943991899490356,0.003762000000000043,0.47828,0.15133,0.153868,0.151588,3.9940669536590576,0.475276,0.153627,0.156307,0.153898,4.07520866394043,nan,1000000
35199,-0.006999187171459198,0.9957440495491028,0.004130999999999996,0.478344,0.150885,0.153518,0.151134,4.013387203216553,0.475276,0.153627,0.156307,0.153898,4.07520866394043,nan,1000000
35299,0.0032081338576972485,0.9965969920158386,0.0016460000000000086,0.474314,0.153652,0.156288,0.153909,4.040356636047363,0.475276,0.153627,0.156307,0.153898,4.07520866394043,nan,1000000
35399,0.001532756257802248,1.002626895904541,0.001394999999999924,0.474155,0.154628,0.15719,0.154892,4.086421489715576,0.475276,0.153627,0.156307,0.153898,4.07520866394043,nan,1000000
35499,-0.010097376070916653,0.9990808963775635,0.0040600000000000636,0.478173,0.150375,0.152958,0.150613,4.048977851867676,0.475276,0.153627,0.156307,0.153898,4.07520866394043,nan,1000000
35599,-0.005457800813019276,0.9977573156356812,0.0030959999999999877,0.477986,0.151782,0.154432,0.152028,4.042577266693115,0.475276,0.153627,0.156307,0.153898,4.07520866394043,nan,1000000
35699,-0.008385077118873596,1.0020225048065186,0.0041200000000000125,0.478786,0.152002,0.154504,0.152268,4.0320539474487305,0.475276,0.153627,0.156307,0.153898,4.07520866394043,nan,1000000
35799,0.003921915777027607,0.993939995765686,0.0024899999999999922,0.473773,0.153025,0.155655,0.153297,4.047214031219482,0.475276,0.153627,0.156307,0.153898,4.07520866394043,nan,1000000
35899,-0.0013277903199195862,0.9980636239051819,0.0012130000000000196,0.475412,0.152568,0.155231,0.152853,4.038204193115234,0.475276,0.153627,0.156307,0.153898,4.07520866394043,nan,1000000
35999,-0.0022713951766490936,0.9956838488578796,0.0018860000000000543,0.475978,0.151977,0.15451,0.152248,4.036237716674805,0.475276,0.153627,0.156307,0.153898,4.07520866394043,nan,1000000
36099,0.0003289137966930866,1.000135898590088,0.0008260000000000212,0.474659,0.153692,0.156286,0.153953,4.042322158813477,0.475276,0.153627,0.156307,0.153898,4.07520866394043,nan,1000000
36199,-0.0017405564431101084,1.0009595155715942,0.0019710000000000005,0.476214,0.15367,0.156278,0.153916,4.006834506988525,0.475276,0.153627,0.156307,0.153898,4.07520866394043,nan,1000000
36299,-0.0017664118204265833,0.9964023232460022,0.002115000000000089,0.476929,0.15247,0.155156,0.152739,4.036427974700928,0.475276,0.153627,0.156307,0.153898,4.07520866394043,nan,1000000
36399,-0.0025633929762989283,0.99701988697052,0.001591000000000009,0.475744,0.15232,0.155015,0.152582,3.997272491455078,0.475276,0.153627,0.156307,0.153898,4.07520866394043,nan,1000000
36499,-0.0011401951778680086,1.000085473060608,0.0009379999999999944,0.475327,0.153115,0.155757,0.153359,4.002748489379883,0.475276,0.153627,0.156307,0.153898,4.07520866394043,nan,1000000
36599,0.0015564784407615662,0.9991061091423035,0.0009889999999999899,0.475222,0.15411,0.156721,0.154364,4.0173516273498535,0.475276,0.153627,0.156307,0.153898,4.07520866394043,nan,1000000
36699,0.0005338001064956188,1.000086784362793,0.0012849999999999806,0.475004,0.154052,0.156642,0.154326,3.979008436203003,0.475276,0.153627,0.156307,0.153898,4.07520866394043,nan,1000000
36799,0.005394664593040943,0.9955565333366394,0.0022110000000000185,0.473876,0.15426,0.156937,0.154535,4.000516891479492,0.475276,0.153627,0.156307,0.153898,4.07520866394043,nan,1000000
36899,0.0016273302026093006,0.9973891377449036,0.0016029999999999933,0.474515,0.153251,0.155942,0.153522,3.9451937675476074,0.475276,0.153627,0.156307,0.153898,4.07520866394043,nan,1000000
36999,0.0012853839434683323,0.998069703578949,0.0011029999999999929,0.47581,0.153907,0.156597,0.154194,3.9790523052215576,0.475276,0.153627,0.156307,0.153898,4.07520866394043,nan,1000000
37099,-0.0016864854842424393,0.9975863099098206,0.0015139999999999598,0.476432,0.152877,0.155545,0.153159,3.9450690746307373,0.475276,0.153627,0.156307,0.153898,4.07520866394043,nan,1000000
37199,-1.6568228602409363e-05,0.9972249865531921,0.0010999999999999899,0.47541,0.153027,0.155727,0.153312,3.9781265258789062,0.475276,0.153627,0.156307,0.153898,4.07520866394043,nan,1000000
37299,-0.0040985350497066975,0.9964913725852966,0.0020489999999999675,0.476744,0.151664,0.154343,0.151946,3.967931032180786,0.475276,0.153627,0.156307,0.153898,4.07520866394043,nan,1000000
37399,-0.005158621817827225,0.999985933303833,0.0028010000000000534,0.477679,0.152387,0.154963,0.152627,3.985055446624756,0.475276,0.153627,0.156307,0.153898,4.07520866394043,nan,1000000
37499,0.0034470120444893837,0.994183361530304,0.0022830000000000072,0.474411,0.153391,0.156015,0.153676,3.9512133598327637,0.475276,0.153627,0.156307,0.153898,4.07520866394043,nan,1000000
37599,0.005258048884570599,0.9984452724456787,0.0027719999999999967,0.472782,0.154529,0.157206,0.154817,3.954390525817871,0.475276,0.153627,0.156307,0.153898,4.07520866394043,nan,1000000
37699,-0.00024319253861904144,0.9973735809326172,0.0008480000000000709,0.475659,0.153155,0.155825,0.153412,3.940934181213379,0.475276,0.153627,0.156307,0.153898,4.07520866394043,nan,1000000
37799,-0.0012446893379092216,0.9989507794380188,0.0009890000000000176,0.475922,0.153079,0.155711,0.153344,3.9801008701324463,0.475276,0.153627,0.156307,0.153898,4.07520866394043,nan,1000000
37899,0.008290830999612808,0.9939159154891968,0.0036569999999999936,0.472004,0.154371,0.157003,0.154649,3.9757208824157715,0.475276,0.153627,0.156307,0.153898,4.07520866394043,nan,1000000
37999,-0.005534694530069828,0.9984725117683411,0.002801999999999971,0.477701,0.151773,0.15446,0.152029,3.9820988178253174,0.475276,0.153627,0.156307,0.153898,4.07520866394043,nan,1000000
38099,-0.005356301087886095,0.9983119368553162,0.0025769999999999404,0.477529,0.152071,0.154709,0.152348,3.9782729148864746,0.475276,0.153627,0.156307,0.153898,4.07520866394043,nan,1000000
38199,0.0006252019666135311,0.9982060790061951,0.0010479999999999934,0.475943,0.154018,0.15661,0.154297,3.9663279056549072,0.475276,0.153627,0.156307,0.153898,4.07520866394043,nan,1000000
38299,-0.00289528863504529,0.9993100762367249,0.0019649999999999945,0.476647,0.152685,0.155386,0.152951,3.969820261001587,0.475276,0.153627,0.156307,0.153898,4.07520866394043,nan,1000000
38399,-0.00435603316873312,1.0023270845413208,0.002137,0.47712,0.15309,0.155715,0.15334,3.9773855209350586,0.475276,0.153627,0.156307,0.153898,4.07520866394043,nan,1000000
38499,0.0010201768018305302,1.0009390115737915,0.0010250000000000536,0.475054,0.154267,0.156929,0.154546,4.00341272354126,0.475276,0.153627,0.156307,0.153898,4.07520866394043,nan,1000000
38599,0.004843234084546566,0.9976114630699158,0.0023540000000000227,0.473301,0.154451,0.157158,0.154709,3.99184513092041,0.475276,0.153627,0.156307,0.153898,4.07520866394043,nan,1000000
38699,0.0009271223098039627,0.9975847005844116,0.0012300000000000089,0.474822,0.153357,0.155957,0.153613,3.968031883239746,0.475276,0.153627,0.156307,0.153898,4.07520866394043,nan,1000000
38799,7.070275023579597e-05,0.9992402791976929,0.0007110000000000172,0.475287,0.153823,0.15639,0.154076,3.974400043487549,0.475276,0.153627,0.156307,0.153898,4.07520866394043,nan,1000000
38899,-0.0028431692626327276,0.9984869360923767,0.002539000000000069,0.477181,0.152958,0.155515,0.153218,3.9780287742614746,0.475276,0.153627,0.156307,0.153898,4.07520866394043,nan,1000000
38999,-0.003429677104577422,0.9986076354980469,0.0023440000000000127,0.476996,0.152602,0.155215,0.152865,3.9695000648498535,0.475276,0.153627,0.156307,0.153898,4.07520866394043,nan,1000000
39099,0.002595390658825636,1.0022085905075073,0.002574999999999994,0.473526,0.154809,0.157446,0.155065,3.998511791229248,0.475276,0.153627,0.156307,0.153898,4.07520866394043,nan,1000000
39199,-0.004439396783709526,0.9996991753578186,0.0022530000000000605,0.476761,0.152314,0.154996,0.152628,3.98593807220459,0.475276,0.153627,0.156307,0.153898,4.07520866394043,nan,1000000
39299,0.002590646967291832,0.9996305704116821,0.0013179999999999303,0.474777,0.154457,0.157128,0.154696,3.9937405586242676,0.475276,0.153627,0.156307,0.153898,4.07520866394043,nan,1000000
39399,-0.00041346042416989803,0.9959056377410889,0.0019260000000000943,0.476297,0.152693,0.155262,0.152924,4.00031852722168,0.475276,0.153627,0.156307,0.153898,4.07520866394043,nan,1000000
39499,-0.0024170163087546825,0.9972988367080688,0.0022050000000000125,0.476858,0.152866,0.155573,0.153145,4.007519721984863,0.475276,0.153627,0.156307,0.153898,4.07520866394043,nan,1000000
39599,0.0005226060748100281,0.9971123933792114,0.0009590000000000154,0.475178,0.153224,0.155852,0.153522,4.014854431152344,0.475276,0.153627,0.156307,0.153898,4.07520866394043,nan,1000000
39699,-0.006211423315107822,0.9972769618034363,0.0031039999999999957,0.477613,0.151375,0.154084,0.151637,4.015030384063721,0.475276,0.153627,0.156307,0.153898,4.07520866394043,nan,1000000
39799,0.001773195806890726,1.00225830078125,0.0019799999999999818,0.475311,0.155169,0.157827,0.15543,4.010556697845459,0.475276,0.153627,0.156307,0.153898,4.07520866394043,nan,1000000
39899,-0.0033579054288566113,1.0006991624832153,0.0023570000000000535,0.47681,0.153104,0.155726,0.153342,3.981703281402588,0.475276,0.153627,0.156307,0.153898,4.07520866394043,nan,1000000
39999,0.0018356526270508766,0.9971097111701965,0.002051000000000025,0.47426,0.153462,0.156132,0.15375,3.988006830215454,0.475276,0.153627,0.156307,0.153898,4.07520866394043,nan,1000000
40099,0.002117278054356575,0.9985948204994202,0.0012000000000000066,0.475304,0.154254,0.15688,0.154497,4.026784420013428,0.475276,0.153627,0.156307,0.153898,4.07520866394043,nan,1000000
40199,-0.004079696722328663,0.9983415603637695,0.0026920000000000277,0.477289,0.152375,0.15493,0.152627,4.164083957672119,0.475276,0.153627,0.156307,0.153898,4.07520866394043,nan,1000000
40299,-0.0007457120809704065,0.9987070560455322,0.001574999999999993,0.476026,0.153285,0.155989,0.153553,4.457252502441406,0.475276,0.153627,0.156307,0.153898,4.07520866394043,nan,1000000
40399,-0.002954402007162571,0.9979095458984375,0.002553999999999945,0.476963,0.152268,0.154913,0.15257,4.591984272003174,0.475276,0.153627,0.156307,0.153898,4.07520866394043,nan,1000000
40499,0.0003171316348016262,0.997525691986084,0.0014250000000000096,0.475983,0.153292,0.155999,0.153568,4.692605018615723,0.475276,0.153627,0.156307,0.153898,4.07520866394043,nan,1000000
40599,-0.0006182882934808731,0.9985702633857727,0.0015779999999999683,0.47626,0.153405,0.156113,0.153673,4.866026878356934,0.475276,0.153627,0.156307,0.153898,4.07520866394043,nan,1000000
40699,-0.006517029833048582,1.0004334449768066,0.003482000000000096,0.478154,0.151978,0.154576,0.152211,4.854679107666016,0.475276,0.153627,0.156307,0.153898,4.07520866394043,nan,1000000
40799,-0.0056320782750844955,0.9990193247795105,0.003353999999999968,0.477964,0.151987,0.154706,0.152271,5.045018196105957,0.475276,0.153627,0.156307,0.153898,4.07520866394043,nan,1000000
40899,0.00475141778588295,0.9972661733627319,0.0024329999999999907,0.473721,0.154255,0.15696,0.154527,5.057829856872559,0.475276,0.153627,0.156307,0.153898,4.07520866394043,nan,1000000
40999,-0.004433084279298782,1.0016777515411377,0.002894999999999981,0.477663,0.152874,0.155548,0.153139,5.038719177246094,0.475276,0.153627,0.156307,0.153898,4.07520866394043,nan,1000000
41099,-0.0011332754511386156,1.000372290611267,0.0012090000000000156,0.475323,0.153273,0.155933,0.153556,5.068838596343994,0.475276,0.153627,0.156307,0.153898,4.07520866394043,nan,1000000
41199,-0.004823427647352219,0.9999455809593201,0.002495000000000025,0.477527,0.152413,0.15503,0.152673,5.092649459838867,0.475276,0.153627,0.156307,0.153898,4.07520866394043,nan,1000000
41299,-0.0066147977486252785,1.0004034042358398,0.003029999999999977,0.477862,0.151866,0.154413,0.152124,5.092309474945068,0.475276,0.153627,0.156307,0.153898,4.07520866394043,nan,1000000
41399,0.0027849036268889904,0.9979326725006104,0.0017600000000000393,0.474535,0.153851,0.156565,0.154114,5.0207085609436035,0.475276,0.153627,0.156307,0.153898,4.07520866394043,nan,1000000
41499,0.004750910215079784,0.9976187348365784,0.0023530000000000495,0.47383,0.154311,0.157019,0.154606,4.994443893432617,0.475276,0.153627,0.156307,0.153898,4.07520866394043,nan,1000000
41599,0.0030095363035798073,1.0017344951629639,0.002426999999999957,0.474191,0.154771,0.157428,0.155032,4.893521785736084,0.475276,0.153627,0.156307,0.153898,4.07520866394043,nan,1000000
41699,-0.0021181865595281124,0.9974292516708374,0.0017479999999999718,0.476204,0.15214,0.154796,0.152417,4.841221809387207,0.475276,0.153627,0.156307,0.153898,4.07520866394043,nan,1000000
41799,0.002244645729660988,0.997584879398346,0.0016319999999999668,0.47465,0.153821,0.156488,0.154083,4.8224029541015625,0.475276,0.153627,0.156307,0.153898,4.07520866394043,nan,1000000
41899,-0.0008682890329509974,1.0014139413833618,0.0013400000000000079,0.475662,0.153672,0.156405,0.15393,4.73589563369751,0.475276,0.153627,0.156307,0.153898,4.07520866394043,nan,1000000
41999,-0.006627775728702545,0.9973297119140625,0.00385000000000002,0.47833,0.151203,0.153818,0.151478,4.5014190673828125,0.475276,0.153627,0.156307,0.153898,4.07520866394043,nan,1000000
42099,0.0026297825388610363,0.9974400401115417,0.001342999999999983,0.475478,0.154035,0.156669,0.154292,4.474060535430908,0.475276,0.153627,0.156307,0.153898,4.07520866394043,nan,1000000
42199,-0.0025250017642974854,0.9999533295631409,0.0016800000000000148,0.476496,0.153114,0.155669,0.153425,4.450397968292236,0.475276,0.153627,0.156307,0.153898,4.07520866394043,nan,1000000
42299,-0.0013655514921993017,0.9997214674949646,0.001526999999999945,0.476106,0.153017,0.15568,0.153266,4.135139465332031,0.475276,0.153627,0.156307,0.153898,4.07520866394043,nan,1000000
42399,0.00032787490636110306,0.9976125359535217,0.0012290000000000356,0.475723,0.153154,0.155779,0.153437,3.935007095336914,0.475276,0.153627,0.156307,0.153898,4.07520866394043,nan,1000000
42499,-0.0005926634185016155,1.0007519721984863,0.0009369999999999656,0.475742,0.153547,0.15619,0.153813,3.9662728309631348,0.475276,0.153627,0.156307,0.153898,4.07520866394043,nan,1000000
42599,-0.013394197449088097,1.0022354125976562,0.006286000000000014,0.481048,0.150474,0.153073,0.150739,3.9576165676116943,0.475276,0.153627,0.156307,0.153898,4.07520866394043,nan,1000000
42699,0.0022144545800983906,0.9964393973350525,0.0015200000000000213,0.474809,0.153196,0.155919,0.153465,3.9295732975006104,0.475276,0.153627,0.156307,0.153898,4.07520866394043,nan,1000000
42799,-0.0014110817573964596,0.9984695315361023,0.0022299999999999542,0.476655,0.152717,0.15545,0.152986,3.974562406539917,0.475276,0.153627,0.156307,0.153898,4.07520866394043,nan,1000000
42899,-0.010339805856347084,1.0003832578659058,0.004942000000000002,0.479642,0.150818,0.153499,0.151049,3.9400546550750732,0.475276,0.153627,0.156307,0.153898,4.07520866394043,nan,1000000
42999,-0.00044917105697095394,1.000783920288086,0.0010510000000000241,0.475699,0.153323,0.155976,0.153581,3.969531774520874,0.475276,0.153627,0.156307,0.153898,4.07520866394043,nan,1000000
43099,-0.0013461608905345201,0.9988660216331482,0.0012879999999999558,0.475979,0.153064,0.155703,0.153315,3.914336919784546,0.475276,0.153627,0.156307,0.153898,4.07520866394043,nan,1000000
43199,0.0024799183011054993,0.9971345663070679,0.0013279999999999959,0.47467,0.153491,0.156121,0.153761,3.9301328659057617,0.475276,0.153627,0.156307,0.153898,4.07520866394043,nan,1000000
43299,-0.0017425278201699257,0.9971773624420166,0.0024689999999999435,0.476981,0.152256,0.154936,0.152508,3.930835008621216,0.475276,0.153627,0.156307,0.153898,4.07520866394043,nan,1000000
43399,-0.003854108275845647,0.9988638758659363,0.0021320000000000228,0.476777,0.151966,0.154616,0.152243,3.8865010738372803,0.475276,0.153627,0.156307,0.153898,4.07520866394043,nan,1000000
43499,-0.006075272802263498,1.0023795366287231,0.0025200000000000777,0.477452,0.152179,0.15477,0.152432,3.92657732963562,0.475276,0.153627,0.156307,0.153898,4.07520866394043,nan,1000000
43599,-0.0038303693290799856,0.9984617829322815,0.002535000000000065,0.477202,0.151986,0.154599,0.152263,3.875678300857544,0.475276,0.153627,0.156307,0.153898,4.07520866394043,nan,1000000
43699,0.0005063195712864399,0.9966017603874207,0.0010890000000000066,0.475644,0.152771,0.155433,0.153033,3.916881799697876,0.475276,0.153627,0.156307,0.153898,4.07520866394043,nan,1000000
43799,-0.004905602894723415,0.999320387840271,0.0027440000000000797,0.477448,0.151978,0.154568,0.152258,4.029309272766113,0.475276,0.153627,0.156307,0.153898,4.07520866394043,nan,1000000
43899,-0.0072791967540979385,0.9959826469421387,0.004623000000000044,0.478961,0.15039,0.152975,0.150637,4.08976936340332,0.475276,0.153627,0.156307,0.153898,4.07520866394043,nan,1000000
43999,-0.0012108562514185905,1.001859426498413,0.0011919999999999709,0.47603,0.153382,0.156,0.153636,4.035785675048828,0.475276,0.153627,0.156307,0.153898,4.07520866394043,nan,1000000
44099,0.001810469664633274,1.000632643699646,0.0021360000000000268,0.474236,0.154221,0.15684,0.154495,4.120850563049316,0.475276,0.153627,0.156307,0.153898,4.07520866394043,nan,1000000
44199,-0.008467447012662888,1.001983642578125,0.0036760000000000126,0.478367,0.151344,0.153991,0.151631,4.268007278442383,0.475276,0.153627,0.156307,0.153898,4.07520866394043,nan,1000000
44299,-0.00017272261902689934,1.000353455543518,0.0008090000000000597,0.475537,0.153326,0.155997,0.153598,4.310176372528076,0.475276,0.153627,0.156307,0.153898,4.07520866394043,nan,1000000
44399,0.0008144755847752094,0.9956550598144531,0.001590000000000008,0.475625,0.152345,0.154924,0.15261,4.2836737632751465,0.475276,0.153627,0.156307,0.153898,4.07520866394043,nan,1000000
44499,-0.0018139886669814587,1.0003504753112793,0.001670999999999978,0.476467,0.152663,0.155287,0.15293,4.327176094055176,0.475276,0.153627,0.156307,0.153898,4.07520866394043,nan,1000000
44599,0.004682168364524841,0.9957969188690186,0.0021140000000000048,0.474312,0.153689,0.156298,0.153962,4.298023700714111,0.475276,0.153627,0.156307,0.153898,4.07520866394043,nan,1000000
44699,-0.0019002130720764399,0.9985843300819397,0.0028210000000000734,0.477677,0.152715,0.155374,0.152971,4.008016586303711,0.475276,0.153627,0.156307,0.153898,4.07520866394043,nan,1000000
44799,0.0045889634639024734,0.9997257590293884,0.002777999999999947,0.474291,0.154513,0.157199,0.154766,4.137782573699951,0.475276,0.153627,0.156307,0.153898,4.07520866394043,nan,1000000
44899,0.0037462320178747177,0.9991424083709717,0.0022209999999999175,0.474455,0.154173,0.156945,0.154458,4.000759601593018,0.475276,0.153627,0.156307,0.153898,4.07520866394043,nan,1000000
44999,-0.005889025051146746,0.9978585243225098,0.003534000000000037,0.478077,0.151271,0.153927,0.151523,3.918675422668457,0.475276,0.153627,0.156307,0.153898,4.07520866394043,nan,1000000
45099,0.0010397899895906448,0.9950281381607056,0.0017220000000000013,0.475345,0.152338,0.155041,0.15259,3.9330296516418457,0.475276,0.153627,0.156307,0.153898,4.07520866394043,nan,1000000
45199,0.0004911795258522034,0.9968699812889099,0.0016239999999999866,0.476172,0.152529,0.155243,0.152803,3.924379587173462,0.475276,0.153627,0.156307,0.153898,4.07520866394043,nan,1000000
45299,1.5482772141695023e-05,0.9975345134735107,0.0013149999999999828,0.47556,0.152744,0.155442,0.153031,3.909874677658081,0.475276,0.153627,0.156307,0.153898,4.07520866394043,nan,1000000
45399,-0.004828121513128281,0.9972009062767029,0.0031209999999999294,0.477972,0.151398,0.154098,0.151648,4.094079971313477,0.475276,0.153627,0.156307,0.153898,4.07520866394043,nan,1000000
45499,0.004474344663321972,0.9980026483535767,0.0021160000000000068,0.474824,0.154299,0.157032,0.154584,4.075515270233154,0.475276,0.153627,0.156307,0.153898,4.07520866394043,nan,1000000
45599,-0.002833363600075245,0.9999504685401917,0.0024500000000000077,0.477371,0.152653,0.155309,0.15289,4.185734272003174,0.475276,0.153627,0.156307,0.153898,4.07520866394043,nan,1000000
45699,0.0020000794902443886,1.0023298263549805,0.0025960000000000427,0.475174,0.154607,0.157258,0.154891,4.160484790802002,0.475276,0.153627,0.156307,0.153898,4.07520866394043,nan,1000000
45799,-0.004932016134262085,1.0027577877044678,0.003205000000000069,0.478137,0.152887,0.155643,0.153177,4.044666290283203,0.475276,0.153627,0.156307,0.153898,4.07520866394043,nan,1000000
45899,0.005413464270532131,0.9950385093688965,0.003233999999999987,0.4738,0.153699,0.156405,0.15396,4.160737037658691,0.475276,0.153627,0.156307,0.153898,4.07520866394043,nan,1000000
45999,-0.005466587841510773,0.9969823956489563,0.0035079999999999556,0.478253,0.150988,0.153683,0.151258,4.158498764038086,0.475276,0.153627,0.156307,0.153898,4.07520866394043,nan,1000000
46099,0.004432056099176407,0.9987692832946777,0.0022189999999999988,0.474067,0.153942,0.156634,0.154222,4.2217326164245605,0.475276,0.153627,0.156307,0.153898,4.07520866394043,nan,1000000
46199,0.007742999121546745,1.001120686531067,0.004083000000000059,0.472451,0.155537,0.158271,0.155813,4.224162578582764,0.475276,0.153627,0.156307,0.153898,4.07520866394043,nan,1000000
46299,-0.004197921138256788,0.9972658157348633,0.002971000000000057,0.477605,0.151183,0.153805,0.15145,4.134156227111816,0.475276,0.153627,0.156307,0.153898,4.07520866394043,nan,1000000
46399,0.0007203766144812107,0.9964706897735596,0.0014939999999999953,0.47626,0.152543,0.155152,0.152791,4.130074501037598,0.475276,0.153627,0.156307,0.153898,4.07520866394043,nan,1000000
46499,0.005206460133194923,0.9989139437675476,0.002619000000000038,0.474128,0.154454,0.157167,0.154735,4.093571186065674,0.475276,0.153627,0.156307,0.153898,4.07520866394043,nan,1000000
46599,0.003114235121756792,0.9978664517402649,0.001899999999999985,0.475269,0.153596,0.156253,0.153875,4.054697513580322,0.475276,0.153627,0.156307,0.153898,4.07520866394043,nan,1000000
46699,-0.0027903737500309944,0.9990773797035217,0.002095000000000069,0.477101,0.152417,0.155041,0.152694,3.9134750366210938,0.475276,0.153627,0.156307,0.153898,4.07520866394043,nan,1000000
46799,-0.002097183605656028,0.9996052980422974,0.0012570000000000636,0.476048,0.15255,0.155166,0.152827,3.870954990386963,0.475276,0.153627,0.156307,0.153898,4.07520866394043,nan,1000000
46899,0.003230803180485964,1.0018614530563354,0.002661999999999942,0.474893,0.154858,0.157494,0.155104,3.949314832687378,0.475276,0.153627,0.156307,0.153898,4.07520866394043,nan,1000000
46999,-0.003056525019928813,1.0005699396133423,0.002435000000000076,0.477459,0.152854,0.155539,0.153131,3.8824775218963623,0.475276,0.153627,0.156307,0.153898,4.07520866394043,nan,1000000
47099,-0.005886688828468323,0.9971691370010376,0.003369999999999984,0.47806,0.151006,0.153639,0.151261,3.8737921714782715,0.475276,0.153627,0.156307,0.153898,4.07520866394043,nan,1000000
47199,0.0038538631051778793,0.9966113567352295,0.0028539999999999954,0.474544,0.153712,0.156384,0.153953,3.9282946586608887,0.475276,0.153627,0.156307,0.153898,4.07520866394043,nan,1000000
47299,0.0034335260279476643,1.000830888748169,0.0025770000000000515,0.474293,0.154449,0.157097,0.154707,3.957470178604126,0.475276,0.153627,0.156307,0.153898,4.07520866394043,nan,1000000
47399,0.0014661066234111786,0.9951021671295166,0.0022050000000000125,0.475569,0.152434,0.155105,0.152689,3.992340087890625,0.475276,0.153627,0.156307,0.153898,4.07520866394043,nan,1000000
47499,0.007179928012192249,0.9988091588020325,0.00341899999999995,0.472824,0.1549,0.157576,0.155176,4.009830474853516,0.475276,0.153627,0.156307,0.153898,4.07520866394043,nan,1000000
47599,-0.0002018422819674015,0.9989181160926819,0.0016069999999999973,0.475555,0.152723,0.155357,0.152978,4.049689769744873,0.475276,0.153627,0.156307,0.153898,4.07520866394043,nan,1000000
47699,0.0007696310058236122,0.9977705478668213,0.0013319999999999999,0.475946,0.153478,0.156117,0.153755,4.07316780090332,0.475276,0.153627,0.156307,0.153898,4.07520866394043,nan,1000000
47799,0.001757296733558178,0.9977562427520752,0.0015479999999999938,0.476103,0.153939,0.156535,0.154229,4.11519193649292,0.475276,0.153627,0.156307,0.153898,4.07520866394043,nan,1000000
47899,0.006707323715090752,1.0012848377227783,0.004190999999999945,0.473398,0.155735,0.158518,0.156004,4.083795070648193,0.475276,0.153627,0.156307,0.153898,4.07520866394043,nan,1000000
47999,0.0064359791576862335,0.9990038871765137,0.0038960000000000106,0.473336,0.15519,0.157913,0.155454,4.115567684173584,0.475276,0.153627,0.156307,0.153898,4.07520866394043,nan,1000000
48099,-0.0017651983071118593,0.9992454051971436,0.001875000000000071,0.476831,0.152852,0.155588,0.153118,4.111509799957275,0.475276,0.153627,0.156307,0.153898,4.07520866394043,nan,1000000
48199,-0.00040893303230404854,0.9967702031135559,0.0024330000000000185,0.477337,0.153093,0.155727,0.153357,4.133711814880371,0.475276,0.153627,0.156307,0.153898,4.07520866394043,nan,1000000
48299,-0.0057883732952177525,0.9984816908836365,0.003785999999999956,0.47865,0.151828,0.154557,0.152095,4.059361457824707,0.475276,0.153627,0.156307,0.153898,4.07520866394043,nan,1000000
48399,-0.0032871291041374207,0.9977430105209351,0.003037999999999985,0.477943,0.152482,0.155188,0.152757,4.064916610717773,0.475276,0.153627,0.156307,0.153898,4.07520866394043,nan,1000000
48499,0.0032184203155338764,0.9958789944648743,0.0024009999999999865,0.4753,0.153697,0.156263,0.15395,4.038891792297363,0.475276,0.153627,0.156307,0.153898,4.07520866394043,nan,1000000
48599,-0.005769657902419567,0.9988946318626404,0.003962000000000021,0.478793,0.151877,0.154589,0.152159,4.039696216583252,0.475276,0.153627,0.156307,0.153898,4.07520866394043,nan,1000000
48699,0.0051446035504341125,1.0027819871902466,0.0037930000000000463,0.474055,0.155796,0.158516,0.156066,4.018667697906494,0.475276,0.153627,0.156307,0.153898,4.07520866394043,nan,1000000
48799,-0.0035709103103727102,0.9950377345085144,0.0035450000000000204,0.478133,0.151613,0.154301,0.151868,3.9908640384674072,0.475276,0.153627,0.156307,0.153898,4.07520866394043,nan,1000000
48899,0.006140751764178276,0.9978304505348206,0.003149999999999986,0.47353,0.154712,0.15749,0.154967,4.02250862121582,0.475276,0.153627,0.156307,0.153898,4.07520866394043,nan,1000000
48999,-0.0031685750000178814,1.0005730390548706,0.0033890000000000864,0.478426,0.153349,0.155943,0.153618,4.001263618469238,0.475276,0.153627,0.156307,0.153898,4.07520866394043,nan,1000000
49099,-0.004051293712109327,0.996874988079071,0.0034650000000000514,0.478119,0.151899,0.154594,0.152178,3.961495876312256,0.475276,0.153627,0.156307,0.153898,4.07520866394043,nan,1000000
49199,0.0007438580505549908,0.9966673254966736,0.0018000000000000238,0.476324,0.153,0.155681,0.153256,4.031634330749512,0.475276,0.153627,0.156307,0.153898,4.07520866394043,nan,1000000
49299,-0.0022285557352006435,0.9977039694786072,0.0025820000000000842,0.477317,0.152364,0.154977,0.152654,3.9687232971191406,0.475276,0.153627,0.156307,0.153898,4.07520866394043,nan,1000000
49399,0.006639369763433933,0.9970482587814331,0.003027000000000002,0.474401,0.154688,0.157374,0.154966,3.993119478225708,0.475276,0.153627,0.156307,0.153898,4.07520866394043,nan,1000000
49499,0.0014583207666873932,0.9972979426383972,0.0017479999999999996,0.476073,0.153343,0.155995,0.153612,3.9801836013793945,0.475276,0.153627,0.156307,0.153898,4.07520866394043,nan,1000000
49599,-0.0008837273344397545,1.0016833543777466,0.0017439999999999678,0.476665,0.153571,0.156295,0.153849,3.9482109546661377,0.475276,0.153627,0.156307,0.153898,4.07520866394043,nan,1000000
49699,0.0008992194198071957,0.9984679818153381,0.0016219999999999846,0.476323,0.153404,0.155993,0.153699,3.9038102626800537,0.475276,0.153627,0.156307,0.153898,4.07520866394043,nan,1000000
49799,-0.0005555583629757166,1.0009504556655884,0.0017220000000000013,0.476777,0.15359,0.156319,0.153822,3.9090564250946045,0.475276,0.153627,0.156307,0.153898,4.07520866394043,nan,1000000
49899,0.002761739306151867,0.99945068359375,0.002128999999999992,0.474675,0.15392,0.156671,0.154168,3.8810789585113525,0.475276,0.153627,0.156307,0.153898,4.07520866394043,nan,1000000
49999,0.007864748127758503,0.9946274161338806,0.004076999999999997,0.473123,0.154421,0.157062,0.15467,3.812122106552124,0.475276,0.153627,0.156307,0.153898,4.07520866394043,nan,1000000
50099,-0.002397955395281315,1.0006359815597534,0.0017369999999999886,0.476786,0.153013,0.155671,0.153264,3.7739906311035156,0.475276,0.153627,0.156307,0.153898,4.07520866394043,nan,1000000
50199,-0.010192018933594227,1.0019738674163818,0.005367999999999928,0.480383,0.151351,0.153941,0.15161,3.7810964584350586,0.475276,0.153627,0.156307,0.153898,4.07520866394043,nan,1000000
50299,-0.00040362472645938396,0.9973868727684021,0.0018540000000000223,0.476781,0.153101,0.155816,0.153366,3.810490846633911,0.475276,0.153627,0.156307,0.153898,4.07520866394043,nan,1000000
50399,0.0003459327854216099,0.9988852143287659,0.00145099999999998,0.476312,0.153601,0.156283,0.153868,3.7943670749664307,0.475276,0.153627,0.156307,0.153898,4.07520866394043,nan,1000000
50499,0.005631820298731327,0.9989966750144958,0.0030920000000000947,0.474974,0.155517,0.158307,0.155801,3.7983758449554443,0.475276,0.153627,0.156307,0.153898,4.07520866394043,nan,1000000
50599,-0.004970222245901823,0.9978520274162292,0.0038200000000000456,0.478491,0.151843,0.154445,0.15209,3.7894012928009033,0.475276,0.153627,0.156307,0.153898,4.07520866394043,nan,1000000
50699,0.007526303641498089,0.9963536262512207,0.0035239999999999994,0.473573,0.154833,0.157522,0.1551,3.7698566913604736,0.475276,0.153627,0.156307,0.153898,4.07520866394043,nan,1000000
50799,-0.0024423818103969097,1.0001078844070435,0.0020139999999999603,0.476881,0.152599,0.155297,0.152862,3.812356948852539,0.475276,0.153627,0.156307,0.153898,4.07520866394043,nan,1000000
50899,0.00047169486060738564,0.9978395104408264,0.0013279999999999959,0.476252,0.153248,0.155967,0.153495,3.789123058319092,0.475276,0.153627,0.156307,0.153898,4.07520866394043,nan,1000000
50999,0.006816903129220009,0.9978447556495667,0.0032480000000000286,0.473128,0.154984,0.157753,0.155237,3.8044261932373047,0.475276,0.153627,0.156307,0.153898,4.07520866394043,nan,1000000
51099,0.0018588467501103878,1.0012824535369873,0.0017560000000000908,0.474736,0.154131,0.156866,0.154408,3.803496837615967,0.475276,0.153627,0.156307,0.153898,4.07520866394043,nan,1000000
51199,-1.7491169273853302e-05,0.9979162812232971,0.0010960000000000414,0.475968,0.153138,0.155842,0.153428,3.7460532188415527,0.475276,0.153627,0.156307,0.153898,4.07520866394043,nan,1000000
51299,0.004282142035663128,0.9967755675315857,0.002940999999999999,0.473679,0.153558,0.156237,0.153829,3.74576735496521,0.475276,0.153627,0.156307,0.153898,4.07520866394043,nan,1000000
51399,0.003964635543525219,0.9952563643455505,0.0022760000000000002,0.474846,0.153862,0.156422,0.154103,3.6993260383605957,0.475276,0.153627,0.156307,0.153898,4.07520866394043,nan,1000000
51499,-0.0010429306421428919,0.9966624975204468,0.001350999999999991,0.476172,0.152894,0.155489,0.153157,3.668001413345337,0.475276,0.153627,0.156307,0.153898,4.07520866394043,nan,1000000
51599,-0.0033254134468734264,0.9979203939437866,0.0030840000000000867,0.477748,0.152559,0.155079,0.152815,3.697512149810791,0.475276,0.153627,0.156307,0.153898,4.07520866394043,nan,1000000
51699,-0.010067501105368137,0.9985015392303467,0.004821000000000075,0.479308,0.150642,0.153208,0.150894,3.680382251739502,0.475276,0.153627,0.156307,0.153898,4.07520866394043,nan,1000000
51799,-0.0017396148759871721,0.9992040991783142,0.0011250000000000426,0.475452,0.15297,0.155609,0.153239,3.6753969192504883,0.475276,0.153627,0.156307,0.153898,4.07520866394043,nan,1000000
51899,-0.00455399788916111,0.999647855758667,0.0029520000000000657,0.477552,0.153007,0.155581,0.153269,3.67333984375,0.475276,0.153627,0.156307,0.153898,4.07520866394043,nan,1000000
51999,-0.0010399979073554277,0.997267484664917,0.0015800000000000258,0.475703,0.153085,0.155788,0.15332,3.6736040115356445,0.475276,0.153627,0.156307,0.153898,4.07520866394043,nan,1000000
52099,-0.001377234235405922,1.0000725984573364,0.0017719999999999958,0.475741,0.153552,0.156281,0.153841,3.6571240425109863,0.475276,0.153627,0.156307,0.153898,4.07520866394043,nan,1000000
52199,7.625436410307884e-05,0.9987549185752869,0.0016119999999999468,0.475566,0.153876,0.156567,0.154147,3.6723427772521973,0.475276,0.153627,0.156307,0.153898,4.07520866394043,nan,1000000
52299,0.0036773504689335823,0.9937888383865356,0.0025280000000000025,0.473981,0.153887,0.156615,0.154162,3.6575064659118652,0.475276,0.153627,0.156307,0.153898,4.07520866394043,nan,1000000
52399,-0.005954461172223091,0.9943563938140869,0.0044279999999999875,0.47821,0.151301,0.153973,0.151574,3.6531903743743896,0.475276,0.153627,0.156307,0.153898,4.07520866394043,nan,1000000
52499,0.0017026360146701336,0.9950516223907471,0.00223799999999999,0.474963,0.153232,0.155927,0.153485,3.6646175384521484,0.475276,0.153627,0.156307,0.153898,4.07520866394043,nan,1000000
